Артикул,Название,Артикул поставщика,Поставщик,Цена поставщика,Цена на сайте,Главная категория,Другие категории,Описание,Атрибут 1,Значение 1,Атрибут 2,Значение 2,Атрибут 3,Значение 3,...,
1, Адресник-миска с косточкой,11003,petline,"20,13",35,амуниция,,,размер,25мм,Форма,Круглая,,,,
2,Маячок на ошейник трехцветный с карабином,1002,petline,"135,67",205,амуниция,,,,,,,,,,
3,Ошейник светящийся  (6 диодов),01006S,petline,"452,87",680,амуниция,,,ширина,15 мм,обх.шеи,30-40,,,,
3,Ошейник светящийся (6 диодов),01006M,petline,"488,00",740,амуниция,,,ширина,20 мм,обх.шеи,35-50,,,,
3,Ошейник светящийся (6 диодов),01006L,petline,"522,65",790,амуниция,,,ширина, 25 мм,обх.шеи,40-60,,,,
4,"Ошейник кожаный ""Элита"" тройной ""Две косы"" ",35115,kaskad,"708,48",1065,амуниция\кожа,,,ширина,35 мм,обх.шеи,50-59,,,,
4,"Ошейник кожаный ""Элита"" тройной ""Две косы"" ",35116,kaskad,"708,48",1065,амуниция\кожа,,,ширина,35 мм,обх.шеи,55-64,,,,
4,"Ошейник кожаный ""Элита"" тройной ""Две косы"" ",45115,kaskad,"846,89",1275,амуниция\кожа,,,ширина,45 мм,обх.шеи,51-60,,,,
4,"Ошейник кожаный ""Элита"" тройной ""Две косы"" ",45116,kaskad,"846,89",1275,амуниция\кожа,,,ширина,45 мм,обх.шеи,57-66,,,,
5,"Цепь-удавка ""Элита"" ",,kaskad,"54,93",85,амуниция\метал,,,длина,25 см ,Размер,"Ø 1,6 мм",,,,
5,"Цепь-удавка ""Элита"" ",,kaskad,"70,08",110,амуниция\метал,,,длина,30 см ,Размер,"Ø 2,0 мм",,,,
5,"Цепь-удавка ""Элита""",,kaskad,"75,48",115,амуниция\метал,,,длина,35 см ,Размер,"Ø 1,6 мм",,,,
5,"Цепь-удавка ""Элита"" ",,kaskad,"77,26",120,амуниция\метал,,,длина,40 см,Размер,"Ø 1,6 мм",,,,
5,"Цепь-удавка ""Элита"" ",,kaskad,"82,66",125,амуниция\метал,,,длина,40 см,Размер,"Ø 2,5 мм",,,,
5,"Цепь-удавка ""Элита"" ",,kaskad,"98,83",150,амуниция\метал,,,длина,40 см,Размер,"Ø 3,5 мм",,,,
5,"Цепь-удавка ""Элита"" ",,kaskad,"80,86",125,амуниция\метал,,,длина,45 см ,Размер,"Ø 1,6 мм",,,,
5,"Цепь-удавка ""Элита"" ",,kaskad,"79,06",120,амуниция\метал,,,длина,45 см,Размер,"Ø 2,0 мм",,,,
5,"Цепь-удавка ""Элита"" ",,kaskad,"86,25",135,амуниция\метал,,,длина,45 см,Размер,"Ø 2,5 мм",,,,
5,"Цепь-удавка ""Элита"" ",,kaskad,"102,43",155,амуниция\метал,,,длина,45 см,Размер,"Ø 3,5 мм",,,,
5,"Цепь-удавка ""Элита"" ",,kaskad,"82,66",125,амуниция\метал,,,длина,50 см,Размер,"Ø 2,0 мм",,,,
5,"Цепь-удавка ""Элита"" ",,kaskad,"88,05",135,амуниция\метал,,,длина,50 см,Размер,"Ø 2,5 мм",,,,
5,"Цепь-удавка ""Элита"" ",,kaskad,"107,81",165,амуниция\метал,,,длина,50 см ,Размер,"Ø 3,5 мм",,,,
5,"Цепь-удавка ""Элита""",,kaskad,"131,18",200,амуниция\метал,,,длина,50 см ,Размер,"Ø 4,0 мм",,,,
5,"Цепь-удавка ""Элита"" ",,kaskad,"86,25",130,амуниция\метал,,,длина,55 см,Размер,"Ø 2,0 мм",,,,
5,"Цепь-удавка ""Элита"" ",,kaskad,"93,44",145,амуниция\метал,,,длина, 55 см ,Размер,"Ø 2,5 мм",,,,
5,"Цепь-удавка ""Элита"" ",,kaskad,"113,2",170,амуниция\метал,,,длина, 55 см ,Размер,"Ø 3,5 мм",,,,
5,"Цепь-удавка ""Элита"" ",,kaskad,"138,36",215,амуниция\метал,,,длина, 55 см ,Размер,"Ø 4,0 мм",,,,
5,"Цепь-удавка ""Элита"" ",,kaskad,"89,85",135,амуниция\метал,,,длина, 60 см ,Размер,"Ø 2,0 мм",,,,
5,"Цепь-удавка ""Элита"" ",,kaskad,"97,04",150,амуниция\метал,,,длина, 60 см ,Размер,"Ø 2,5 мм",,,,
5,"Цепь-удавка ""Элита"" ",,kaskad,"118,6",180,амуниция\метал,,,длина, 60 см ,Размер,"Ø 3,5 мм",,,,
5,"Цепь-удавка ""Элита"" ",,kaskad,"322,11",485,амуниция\метал,,,длина,62 см,Размер,"Ø 2,0 мм",,,,
5,"Цепь-удавка ""Элита"" ",,kaskad,"123,99",190,амуниция\метал,,,длина,65 см ,Размер,"Ø 3,5 мм",,,,
5,"Цепь-удавка ""Элита"" ",,kaskad,"152,74",230,амуниция\метал,,,длина,65 см ,Размер,"Ø 4,0 мм",,,,
5,"Цепь-удавка ""Элита"" ",,kaskad,"116,8",180,амуниция\метал,,,длина,70 см ,Размер,"Ø 3,0 мм",,,,
5,"Цепь-удавка ""Элита"" ",,kaskad,"129,38",200,амуниция\метал,,,длина,70 см ,Размер,"Ø 3,5 мм",,,,
5,"Цепь-удавка ""Элита"" ",,kaskad,"159,93",250,амуниция\метал,,,длина,70 см ,Размер,"Ø 4,0 мм",,,,
5,"Цепь-удавка ""Элита"" ",,kaskad,"210,06",320,амуниция\метал,,,длина,70 см ,Размер,"Ø 4,5 мм",,,,
5,"Цепь-удавка ""Элита"" ",,kaskad,"134,76",210,амуниция\метал,,,длина, 75 см ,Размер,"Ø 3,0 мм",,,,
5,"Цепь-удавка ""Элита"" ",,kaskad,"167,11",260,амуниция\метал,,,длина, 75 см ,Размер,"Ø 4,0 мм",,,,
5,"Цепь-удавка ""Элита"" ",,kaskad,"220,74",335,амуниция\метал,,,длина, 75 см ,Размер,"Ø 4,8 мм",,,,
5,"Цепь-удавка ""Элита"" ",,kaskad,"146,16",225,амуниция\метал,,,длина,80 см,Размер,"Ø 3,5 мм",,,,
5,"Цепь-удавка ""Элита"" ",,kaskad,"223,29",340,амуниция\метал,,,длина,80 см,Размер,"Ø 4,8 мм",,,,
5,"Цепь-удавка ""Элита"" ",,kaskad,"232,95",350,амуниция\метал,,,длина,85 см,Размер,"Ø 4,8 мм",,,,
5,"Цепь-удавка ""Элита"" ",,kaskad,"175,76",270,амуниция\метал,,,длина,90 см ,Размер,"Ø 3,5 мм",,,,
5,"Цепь-удавка ""Элита"" ",,kaskad,"243,64",370,амуниция\метал,,,длина,90 см ,Размер,"Ø 4,8 мм",,,,
5,"Цепь-удавка ""Элита"" ",,kaskad,"250,24",380,амуниция\метал,,,длина,95 см ,Размер,"Ø 4,8 мм",,,,
6,Переноска для животных ,5103,amma,"1797,1",2700,тенты переноски,,,размер ,607*400*405мм S,,,,,,
6, Переноска для животных ,5105,amma,"3131,1",4800,тенты переноски,,,размер ,675*510*470 mm M,,,,,,
6,Переноска для животных ,5107,amma,"6035,2",9300,тенты переноски,,,размер ,801*562*590 L,,,,,,
6, Переноска для животных,5109,amma,"7819,8",12000,тенты переноски,,,размер ,900*600*680 XL,,,,,,
6,Переноска для животных,5111,amma,"9766,8",15000,тенты переноски,,,размер ,1000*670*750 XXL,,,,,,
7,Пуходерка большая,Рк-00100,amma,"123,4",190,Грумминг\пуходерки,,,размер ,L,,,,,,
7, Пуходерка средняя,Рк-00200,amma,"106,3",165,Грумминг\пуходерки,,,размер ,M,,,,,,
7, Пуходерка малая,Рк-00300,amma,"71,3",110,Грумминг\пуходерки,,,размер ,S,,,,,,
7, Пуходерка мини,Рк-00400,amma,"60,8",90,Грумминг\пуходерки,,,размер ,XS,,,,,,
8, Кость  средняя,70002,nems,"182,31",280,Игрушка,,,,,,,,,,
9,Палка средняя,70005,nems,"176,97",280,Игрушка,,,,,,,,,,
10,Средний мяч (набор 2шт),KFAST2D,nems,"161,61",250,Игрушка,,,Размер,"6,5см",,,,,,
11,Кролик-шкурка,15050,nems,"198,11",300,игрушка\мягкая,,,,,,,,,,
12,"Ошейник кожаный ""Элита"" круглый шов внутрь ",80044,kaskad,"443,39",665,амуниция\кожа,,,Размер,Ø 8 мм,обх.шеи,24-30см,,,,
12,"Ошейник кожаный ""Элита"" круглый шов внутрь ",100044,kaskad,"481,4",725,амуниция\кожа,,,Размер, Ø 10 мм ,обх.шеи,40-47см,,,,
12,"Ошейник кожаный ""Элита"" круглый шов внутрь ",44,kaskad,"544,99",820,амуниция\кожа,,,Размер,Ø 14 мм,обх.шеи, 45-53 см,,,,
12,"Ошейник кожаный ""Элита"" круглый шов внутрь ",45,kaskad,"544,99",825,амуниция\кожа,,,Размер,Ø 14 мм,обх.шеи, 50-58 см,,,,
12,"Ошейник кожаный ""Элита"" круглый шов внутрь ",46,kaskad,"544,99",830,амуниция\кожа,,,Размер,Ø 14 мм,обх.шеи,55-63 см,,,,
13,"Ошейник кожаный ""Элита"" круглый шов наружу",80041,kaskad,"358,01",540,амуниция\кожа,,,Размер,Ø 8 мм,обх.шеи,24-30см,,,,
13,"Ошейник кожаный ""Элита"" круглый шов наружу",100041,kaskad,"438,69",660,амуниция\кожа,,,Размер, Ø 10 мм ,обх.шеи,40-47см,,,,
13,"Ошейник кожаный ""Элита"" круглый шов наружу",41,kaskad,"502,28",755,амуниция\кожа,,,Размер,Ø 14 мм,обх.шеи, 45-53 см,,,,
13,"Ошейник кожаный ""Элита"" круглый шов наружу",42,kaskad,"502,28",760,амуниция\кожа,,,Размер,Ø 14 мм,обх.шеи, 50-58 см,,,,
13,"Ошейник кожаный ""Элита"" круглый шов наружу",43,kaskad,"502,28",765,амуниция\кожа,,,Размер,Ø 14 мм,обх.шеи,55-63 см,,,,
14,"Ошейник кожаный ""Элита"" тройной  с рельефной полосой в загибку",20214,kaskad,"260,44",395,амуниция\кожа,,,ширина,20 мм,обх.шеи,27-36,,,,
14,"Ошейник кожаный ""Элита"" тройной  с рельефной полосой в загибку",20215,kaskad,"260,44",395,амуниция\кожа,,,ширина,20 мм,обх.шеи,31-39,,,,
14,"Ошейник кожаный ""Элита"" тройной  с рельефной полосой в загибку",20216,kaskad,"260,44",395,амуниция\кожа,,,ширина,20 мм,обх.шеи,35-43,,,,
14,"Ошейник кожаный ""Элита"" тройной  с рельефной полосой в загибку",25214,kaskad,"357,27",540,амуниция\кожа,,,ширина,25 мм,обх.шеи,38-46,,,,
14,"Ошейник кожаный ""Элита"" тройной  с рельефной полосой в загибку",25215,kaskad,"357,27",540,амуниция\кожа,,,ширина,25 мм,обх.шеи,43-51,,,,
14,"Ошейник кожаный ""Элита"" тройной  с рельефной полосой в загибку",25216,kaskad,"357,27",540,амуниция\кожа,,,ширина,25 мм,обх.шеи,48-58,,,,
14,"Ошейник кожаный ""Элита"" тройной  с рельефной полосой в загибку",30214,kaskad,"471,95",710,амуниция\кожа,,,ширина, 30 мм,обх.шеи, 44-53,,,,
14,"Ошейник кожаный ""Элита"" тройной  с рельефной полосой в загибку",30215,kaskad,"471,95",710,амуниция\кожа,,,ширина, 30 мм,обх.шеи,49-58,,,,
14,"Ошейник кожаный ""Элита"" тройной  с рельефной полосой в загибку",30216,kaskad,"471,95",710,амуниция\кожа,,,ширина, 30 мм,обх.шеи,54-63,,,,
14,"Ошейник кожаный ""Элита"" тройной  с рельефной полосой в загибку",35214,kaskad,"530,04",800,амуниция\кожа,,,ширина,35 мм,обх.шеи,50-59,,,,
14,"Ошейник кожаный ""Элита"" тройной  с рельефной полосой в загибку",35215,kaskad,"530,04",800,амуниция\кожа,,,ширина,35 мм,обх.шеи,55-64,,,,
14,"Ошейник кожаный ""Элита"" тройной  с рельефной полосой в загибку",35216,kaskad,"530,04",800,амуниция\кожа,,,ширина,35 мм,обх.шеи,60-69,,,,
14,"Ошейник кожаный ""Элита"" тройной  с рельефной полосой в загибку",45214,kaskad,"744,26",1120,амуниция\кожа,,,ширина,45 мм,обх.шеи,51-60,,,,
14,"Ошейник кожаный ""Элита"" тройной  с рельефной полосой в загибку",45215,kaskad,"744,26",1120,амуниция\кожа,,,ширина,45 мм,обх.шеи,57-66,,,,
14,"Ошейник кожаный ""Элита"" тройной  с рельефной полосой в загибку",45216,kaskad,"744,26",1120,амуниция\кожа,,,ширина,45 мм,обх.шеи,63-72,,,,
15,"Ошейник кожаный ""Элита"" тройной  с рельефной полосой в обрезку",15224,kaskad,"134,13",205,амуниция\кожа,,,ширина,15 мм,обх.шеи, 21-27,,,,
15,"Ошейник кожаный ""Элита"" тройной  с рельефной полосой в обрезку",15225,kaskad,"134,13",205,амуниция\кожа,,,ширина,15 мм,обх.шеи,24-30,,,,
15,"Ошейник кожаный ""Элита"" тройной  с рельефной полосой в обрезку",15226,kaskad,"134,13",205,амуниция\кожа,,,ширина,15 мм,обх.шеи,27-33,,,,
15,"Ошейник кожаный ""Элита"" тройной  с рельефной полосой в обрезку",20224,kaskad,"208,13",315,амуниция\кожа,,,ширина,20 мм,обх.шеи,27-36,,,,
15,"Ошейник кожаный ""Элита"" тройной  с рельефной полосой в обрезку",20225,kaskad,"208,13",315,амуниция\кожа,,,ширина,20 мм,обх.шеи,31-39,,,,
15,"Ошейник кожаный ""Элита"" тройной  с рельефной полосой в обрезку",20226,kaskad,"208,13",315,амуниция\кожа,,,ширина,20 мм,обх.шеи,35-43,,,,
15,"Ошейник кожаный ""Элита"" тройной  с рельефной полосой в обрезку",25224,kaskad,"312,31",470,амуниция\кожа,,,ширина,25 мм,обх.шеи,38-46,,,,
15,"Ошейник кожаный ""Элита"" тройной  с рельефной полосой в обрезку",25225,kaskad,"312,31",470,амуниция\кожа,,,ширина,25 мм,обх.шеи,43-51,,,,
15,"Ошейник кожаный ""Элита"" тройной  с рельефной полосой в обрезку",25226,kaskad,"312,31",470,амуниция\кожа,,,ширина,25 мм,обх.шеи,48-58,,,,
15,"Ошейник кожаный ""Элита"" тройной  с рельефной полосой в обрезку",30224,kaskad,"415,09",625,амуниция\кожа,,,ширина, 30 мм,обх.шеи, 44-53,,,,
15,"Ошейник кожаный ""Элита"" тройной  с рельефной полосой в обрезку",30225,kaskad,"415,09",625,амуниция\кожа,,,ширина, 30 мм,обх.шеи,49-58,,,,
15,"Ошейник кожаный ""Элита"" тройной  с рельефной полосой в обрезку",30226,kaskad,"415,09",625,амуниция\кожа,,,ширина, 30 мм,обх.шеи,54-63,,,,
15,"Ошейник кожаный ""Элита"" тройной  с рельефной полосой в обрезку",35224,kaskad,"470,59",710,амуниция\кожа,,,ширина,35 мм,обх.шеи,50-59,,,,
15,"Ошейник кожаный ""Элита"" тройной  с рельефной полосой в обрезку",35225,kaskad,"470,59",710,амуниция\кожа,,,ширина,35 мм,обх.шеи,55-64,,,,
15,"Ошейник кожаный ""Элита"" тройной  с рельефной полосой в обрезку",35226,kaskad,"470,59",710,амуниция\кожа,,,ширина,35 мм,обх.шеи,60-69,,,,
15,"Ошейник кожаный ""Элита"" тройной  с рельефной полосой в обрезку",45224,kaskad,"662,4",995,амуниция\кожа,,,ширина,45 мм,обх.шеи,51-60,,,,
15,"Ошейник кожаный ""Элита"" тройной  с рельефной полосой в обрезку",45225,kaskad,"662,4",995,амуниция\кожа,,,ширина,45 мм,обх.шеи,57-66,,,,
15,"Ошейник кожаный ""Элита"" тройной  с рельефной полосой в обрезку",45226,kaskad,"662,4",995,амуниция\кожа,,,ширина,45 мм,обх.шеи,63-72,,,,
16,"Ошейник кожаный ""Элита"" тройной с косой в загибку",15211,kaskad,"230,06",350,амуниция\кожа,,,ширина,15 мм,обх.шеи, 21-27,,,,
16,"Ошейник кожаный ""Элита"" тройной с косой в загибку",15212,kaskad,"230,06",350,амуниция\кожа,,,ширина,15 мм,обх.шеи,24-30,,,,
16,"Ошейник кожаный ""Элита"" тройной с косой в загибку",15213,kaskad,"230,06",350,амуниция\кожа,,,ширина,15 мм,обх.шеи,27-33,,,,
16,"Ошейник кожаный ""Элита"" тройной с косой в загибку",20211,kaskad,"366,16",550,амуниция\кожа,,,ширина,20 мм,обх.шеи,27-36,,,,
16,"Ошейник кожаный ""Элита"" тройной с косой в загибку",20212,kaskad,"366,16",550,амуниция\кожа,,,ширина,20 мм,обх.шеи,31-39,,,,
16,"Ошейник кожаный ""Элита"" тройной с косой в загибку",20213,kaskad,"366,16",550,амуниция\кожа,,,ширина,20 мм,обх.шеи,35-43,,,,
16,"Ошейник кожаный ""Элита"" тройной с косой в загибку",25211,kaskad,"480,21",725,амуниция\кожа,,,ширина,25 мм,обх.шеи,38-46,,,,
16,"Ошейник кожаный ""Элита"" тройной с косой в загибку",25212,kaskad,"480,21",725,амуниция\кожа,,,ширина,25 мм,обх.шеи,43-51,,,,
16,"Ошейник кожаный ""Элита"" тройной с косой в загибку",25213,kaskad,"480,21",725,амуниция\кожа,,,ширина,25 мм,обх.шеи,48-58,,,,
16,"Ошейник кожаный ""Элита"" тройной с косой в загибку",30211,kaskad,"619,52",930,амуниция\кожа,,,ширина, 30 мм,обх.шеи, 44-53,,,,
16,"Ошейник кожаный ""Элита"" тройной с косой в загибку",30212,kaskad,"619,52",930,амуниция\кожа,,,ширина, 30 мм,обх.шеи,49-58,,,,
16,"Ошейник кожаный ""Элита"" тройной с косой в загибку",30213,kaskad,"619,52",930,амуниция\кожа,,,ширина, 30 мм,обх.шеи,54-63,,,,
16,"Ошейник кожаный ""Элита"" тройной с косой в загибку",35211,kaskad,"689,22",1035,амуниция\кожа,,,ширина,35 мм,обх.шеи,50-59,,,,
16,"Ошейник кожаный ""Элита"" тройной с косой в загибку",35212,kaskad,"689,22",1035,амуниция\кожа,,,ширина,35 мм,обх.шеи,55-64,,,,
16,"Ошейник кожаный ""Элита"" тройной с косой в загибку",35213,kaskad,"689,22",1035,амуниция\кожа,,,ширина,35 мм,обх.шеи,60-69,,,,
16,"Ошейник кожаный ""Элита"" тройной с косой в загибку",45211,kaskad,"979,63",1470,амуниция\кожа,,,ширина,45 мм,обх.шеи,51-60,,,,
16,"Ошейник кожаный ""Элита"" тройной с косой в загибку",45212,kaskad,"979,63",1470,амуниция\кожа,,,ширина,45 мм,обх.шеи,57-66,,,,
16,"Ошейник кожаный ""Элита"" тройной с косой в загибку",45213,kaskad,"979,63",1470,амуниция\кожа,,,ширина,45 мм,обх.шеи,63-72,,,,
17,"Ошейник кожаный ""Элита"" тройной с косой в обрезку",15221,kaskad,"207,27",315,амуниция\кожа,,,ширина,15 мм,обх.шеи, 21-27,,,,
17,"Ошейник кожаный ""Элита"" тройной с косой в обрезку",15222,kaskad,"207,27",315,амуниция\кожа,,,ширина,15 мм,обх.шеи,24-30,,,,
17,"Ошейник кожаный ""Элита"" тройной с косой в обрезку",15223,kaskad,"207,27",315,амуниция\кожа,,,ширина,15 мм,обх.шеи,27-33,,,,
17,"Ошейник кожаный ""Элита"" тройной с косой в обрезку",20221,kaskad,"331,67",500,амуниция\кожа,,,ширина,20 мм,обх.шеи,27-36,,,,
17,"Ошейник кожаный ""Элита"" тройной с косой в обрезку",20222,kaskad,"331,67",500,амуниция\кожа,,,ширина,20 мм,обх.шеи,31-39,,,,
17,"Ошейник кожаный ""Элита"" тройной с косой в обрезку",20223,kaskad,"331,67",500,амуниция\кожа,,,ширина,20 мм,обх.шеи,35-43,,,,
17,"Ошейник кожаный ""Элита"" тройной с косой в обрезку",25221,kaskad,"435,1",655,амуниция\кожа,,,ширина,25 мм,обх.шеи,38-46,,,,
17,"Ошейник кожаный ""Элита"" тройной с косой в обрезку",25222,kaskad,"435,1",655,амуниция\кожа,,,ширина,25 мм,обх.шеи,43-51,,,,
17,"Ошейник кожаный ""Элита"" тройной с косой в обрезку",25223,kaskad,"435,1",655,амуниция\кожа,,,ширина,25 мм,обх.шеи,48-58,,,,
17,"Ошейник кожаный ""Элита"" тройной с косой в обрезку",30221,kaskad,"562,67",845,амуниция\кожа,,,ширина, 30 мм,обх.шеи, 44-53,,,,
17,"Ошейник кожаный ""Элита"" тройной с косой в обрезку",30222,kaskad,"562,67",845,амуниция\кожа,,,ширина, 30 мм,обх.шеи,49-58,,,,
17,"Ошейник кожаный ""Элита"" тройной с косой в обрезку",30223,kaskad,"562,67",845,амуниция\кожа,,,ширина, 30 мм,обх.шеи,54-63,,,,
17,"Ошейник кожаный ""Элита"" тройной с косой в обрезку",35221,kaskad,"629,79",945,амуниция\кожа,,,ширина,35 мм,обх.шеи,50-59,,,,
17,"Ошейник кожаный ""Элита"" тройной с косой в обрезку",35222,kaskad,"629,79",945,амуниция\кожа,,,ширина,35 мм,обх.шеи,55-64,,,,
17,"Ошейник кожаный ""Элита"" тройной с косой в обрезку",35223,kaskad,"629,79",945,амуниция\кожа,,,ширина,35 мм,обх.шеи,60-69,,,,
17,"Ошейник кожаный ""Элита"" тройной с косой в обрезку",45221,kaskad,"897,54",1350,амуниция\кожа,,,ширина,45 мм,обх.шеи,51-60,,,,
17,"Ошейник кожаный ""Элита"" тройной с косой в обрезку",45222,kaskad,"897,54",1350,амуниция\кожа,,,ширина,45 мм,обх.шеи,57-66,,,,
17,"Ошейник кожаный ""Элита"" тройной с косой в обрезку",45223,kaskad,"897,54",1350,амуниция\кожа,,,ширина,45 мм,обх.шеи,63-72,,,,
18,"Ошейник кожаный ""Элита"" тройной с косой в загибку с п/к по середине ",15251,kaskad,"247,34",375,амуниция\кожа,,,ширина,15 мм,обх.шеи, 21-27,,,,
18,"Ошейник кожаный ""Элита"" тройной с косой в загибку с п/к по середине ",15252,kaskad,"247,34",375,амуниция\кожа,,,ширина,15 мм,обх.шеи,24-30,,,,
18,"Ошейник кожаный ""Элита"" тройной с косой в загибку с п/к по середине ",15253,kaskad,"247,34",375,амуниция\кожа,,,ширина,15 мм,обх.шеи,27-33,,,,
18,"Ошейник кожаный ""Элита"" тройной с косой в загибку с п/к по середине ",20251,kaskad,"392,11",590,амуниция\кожа,,,ширина,20 мм,обх.шеи,27-36,,,,
18,"Ошейник кожаный ""Элита"" тройной с косой в загибку с п/к по середине ",20252,kaskad,"392,11",590,амуниция\кожа,,,ширина,20 мм,обх.шеи,31-39,,,,
18,"Ошейник кожаный ""Элита"" тройной с косой в загибку с п/к по середине ",20253,kaskad,"392,11",590,амуниция\кожа,,,ширина,20 мм,обх.шеи,35-43,,,,
18,"Ошейник кожаный ""Элита"" тройной с косой в загибку с п/к по середине ",25251,kaskad,"502,43",755,амуниция\кожа,,,ширина,25 мм,обх.шеи,38-46,,,,
18,"Ошейник кожаный ""Элита"" тройной с косой в загибку с п/к по середине ",25252,kaskad,"502,43",755,амуниция\кожа,,,ширина,25 мм,обх.шеи,43-51,,,,
18,"Ошейник кожаный ""Элита"" тройной с косой в загибку с п/к по середине ",25253,kaskad,"502,43",755,амуниция\кожа,,,ширина,25 мм,обх.шеи,48-58,,,,
18,"Ошейник кожаный ""Элита"" тройной с косой в загибку с п/к по середине ",30251,kaskad,"668,3",1005,амуниция\кожа,,,ширина, 30 мм,обх.шеи, 44-53,,,,
18,"Ошейник кожаный ""Элита"" тройной с косой в загибку с п/к по середине ",30252,kaskad,"668,3",1005,амуниция\кожа,,,ширина, 30 мм,обх.шеи,49-58,,,,
18,"Ошейник кожаный ""Элита"" тройной с косой в загибку с п/к по середине ",30253,kaskad,"668,3",1005,амуниция\кожа,,,ширина, 30 мм,обх.шеи,54-63,,,,
18,"Ошейник кожаный ""Элита"" тройной с косой в загибку с п/к по середине ",35251,kaskad,"724,04",1090,амуниция\кожа,,,ширина,35 мм,обх.шеи,50-59,,,,
18,"Ошейник кожаный ""Элита"" тройной с косой в загибку с п/к по середине ",35252,kaskad,"724,04",1090,амуниция\кожа,,,ширина,35 мм,обх.шеи,55-64,,,,
18,"Ошейник кожаный ""Элита"" тройной с косой в загибку с п/к по середине ",35253,kaskad,"724,04",1090,амуниция\кожа,,,ширина,35 мм,обх.шеи,60-69,,,,
18,"Ошейник кожаный ""Элита"" тройной с косой в загибку с п/к по середине ",45251,kaskad,"1 056,43 ",1585,амуниция\кожа,,,ширина,45 мм,обх.шеи,51-60,,,,
18,"Ошейник кожаный ""Элита"" тройной с косой в загибку с п/к по середине ",45252,kaskad,"1 056,43 ",1585,амуниция\кожа,,,ширина,45 мм,обх.шеи,57-66,,,,
18,"Ошейник кожаный ""Элита"" тройной с косой в загибку с п/к по середине ",45253,kaskad,"1 056,43 ",1585,амуниция\кожа,,,ширина,45 мм,обх.шеи,63-72,,,,
19,"Ошейник кожаный ""Элита"" тройной с косой в обрезку с п/к по середине",15261,kaskad,"223,48",340,амуниция\кожа,,,ширина,15 мм,обх.шеи, 21-27,,,,
19,"Ошейник кожаный ""Элита"" тройной с косой в обрезку с п/к по середине",15262,kaskad,"223,48",340,амуниция\кожа,,,ширина,15 мм,обх.шеи,24-30,,,,
19,"Ошейник кожаный ""Элита"" тройной с косой в обрезку с п/к по середине",15263,kaskad,"223,48",340,амуниция\кожа,,,ширина,15 мм,обх.шеи,27-33,,,,
19,"Ошейник кожаный ""Элита"" тройной с косой в обрезку с п/к по середине",20261,kaskad,"357,61",540,амуниция\кожа,,,ширина,20 мм,обх.шеи,27-36,,,,
19,"Ошейник кожаный ""Элита"" тройной с косой в обрезку с п/к по середине",20262,kaskad,"357,61",540,амуниция\кожа,,,ширина,20 мм,обх.шеи,31-39,,,,
19,"Ошейник кожаный ""Элита"" тройной с косой в обрезку с п/к по середине",20263,kaskad,"357,61",540,амуниция\кожа,,,ширина,20 мм,обх.шеи,35-43,,,,
19,"Ошейник кожаный ""Элита"" тройной с косой в обрезку с п/к по середине",25261,kaskad,"457,3",690,амуниция\кожа,,,ширина,25 мм,обх.шеи,38-46,,,,
19,"Ошейник кожаный ""Элита"" тройной с косой в обрезку с п/к по середине",25262,kaskad,"457,3",690,амуниция\кожа,,,ширина,25 мм,обх.шеи,43-51,,,,
19,"Ошейник кожаный ""Элита"" тройной с косой в обрезку с п/к по середине",25263,kaskad,"457,3",690,амуниция\кожа,,,ширина,25 мм,обх.шеи,48-58,,,,
19,"Ошейник кожаный ""Элита"" тройной с косой в обрезку с п/к по середине",30261,kaskad,"589,95",885,амуниция\кожа,,,ширина, 30 мм,обх.шеи, 44-53,,,,
19,"Ошейник кожаный ""Элита"" тройной с косой в обрезку с п/к по середине",30262,kaskad,"589,95",885,амуниция\кожа,,,ширина, 30 мм,обх.шеи,49-58,,,,
19,"Ошейник кожаный ""Элита"" тройной с косой в обрезку с п/к по середине",30263,kaskad,"589,95",885,амуниция\кожа,,,ширина, 30 мм,обх.шеи,54-63,,,,
19,"Ошейник кожаный ""Элита"" тройной с косой в обрезку с п/к по середине",35261,kaskad,"665,68",1000,амуниция\кожа,,,ширина,35 мм,обх.шеи,50-59,,,,
19,"Ошейник кожаный ""Элита"" тройной с косой в обрезку с п/к по середине",35262,kaskad,"665,68",1000,амуниция\кожа,,,ширина,35 мм,обх.шеи,55-64,,,,
19,"Ошейник кожаный ""Элита"" тройной с косой в обрезку с п/к по середине",35263,kaskad,"665,68",1000,амуниция\кожа,,,ширина,35 мм,обх.шеи,60-69,,,,
19,"Ошейник кожаный ""Элита"" тройной с косой в обрезку с п/к по середине",45261,kaskad,"953,23",1430,амуниция\кожа,,,ширина,45 мм,обх.шеи,51-60,,,,
19,"Ошейник кожаный ""Элита"" тройной с косой в обрезку с п/к по середине",45262,kaskad,"953,23",1430,амуниция\кожа,,,ширина,45 мм,обх.шеи,57-66,,,,
19,"Ошейник кожаный ""Элита"" тройной с косой в обрезку с п/к по середине",45263,kaskad,"953,23",1430,амуниция\кожа,,,ширина,45 мм,обх.шеи,63-72,,,,
20,"Ошейник кожаный ""Элита"" тройной с косой по периметру ",45270,kaskad,"1 447,26 ",2175,амуниция\кожа,,,ширина,45 мм,обх.шеи,50- 60,,,,
20,"Ошейник кожаный ""Элита"" тройной с косой по периметру ",45271,kaskad,"1 447,26 ",2175,амуниция\кожа,,,ширина,45 мм,обх.шеи, 55-65,,,,
21,"Ошейник кожаный ""Элита"" тройной со стразами в загибку",15217,kaskad,"203,89",310,амуниция\кожа,,,ширина,15 мм,обх.шеи,21-27,,,,
21,"Ошейник кожаный ""Элита"" тройной со стразами в загибку",15218,kaskad,"203,89",310,амуниция\кожа,,,ширина,15 мм,обх.шеи, 24-30,,,,
21,"Ошейник кожаный ""Элита"" тройной со стразами в загибку",20217,kaskad,"272,01",410,амуниция\кожа,,,ширина,20 мм,обх.шеи,27-36,,,,
21,"Ошейник кожаный ""Элита"" тройной со стразами в загибку",20218,kaskad,"272,01",410,амуниция\кожа,,,ширина,20 мм,обх.шеи,31-39,,,,
21,"Ошейник кожаный ""Элита"" тройной со стразами в загибку",25217,kaskad,"462,69",700,амуниция\кожа,,,ширина,25 мм,обх.шеи,38-46,,,,
21,"Ошейник кожаный ""Элита"" тройной со стразами в загибку",25218,kaskad,"462,69",700,амуниция\кожа,,,ширина,25 мм,обх.шеи, 43-51,,,,
21,"Ошейник кожаный ""Элита"" тройной со стразами в загибку",30217,kaskad,"612,13",920,амуниция\кожа,,,ширина, 30 мм,обх.шеи,44-53,,,,
21,"Ошейник кожаный ""Элита"" тройной со стразами в загибку",30218,kaskad,"612,13",920,амуниция\кожа,,,ширина, 30 мм,обх.шеи, 49-58,,,,
21,"Ошейник кожаный ""Элита"" тройной со стразами в загибку",35217,kaskad,"709,78",1065,амуниция\кожа,,,ширина,35 мм,обх.шеи,50-59,,,,
21,"Ошейник кожаный ""Элита"" тройной со стразами в загибку",35218,kaskad,"709,78",1065,амуниция\кожа,,,ширина,35 мм,обх.шеи,55-64,,,,
21,"Ошейник кожаный ""Элита"" тройной со стразами в загибку",45217,kaskad,"1 186,04 ",1780,амуниция\кожа,,,ширина,45 мм,обх.шеи, 51-60,,,,
21,"Ошейник кожаный ""Элита"" тройной со стразами в загибку",45218,kaskad,"1 186,04",1780,амуниция\кожа,,,ширина,45 мм,обх.шеи,57-66,,,,
22,"Ошейник кожаный ""Элита"" тройной с шипами-ёж в загибку",15124,kaskad,"180,45",275,амуниция\кожа,,,ширина,15 мм,обх.шеи,21-27,,,,
22,"Ошейник кожаный ""Элита"" тройной с шипами-ёж в загибку",15125,kaskad,"180,45",275,амуниция\кожа,,,ширина,15 мм,обх.шеи, 24-30,,,,
22,"Ошейник кожаный ""Элита"" тройной с шипами-ёж в загибку",20124,kaskad,"246,33",370,амуниция\кожа,,,ширина,20 мм,обх.шеи,27-36,,,,
22,"Ошейник кожаный ""Элита"" тройной с шипами-ёж в загибку",20125,kaskad,"246,92",370,амуниция\кожа,,,ширина,20 мм,обх.шеи,31-39,,,,
22,"Ошейник кожаный ""Элита"" тройной с шипами-ёж в загибку",25124,kaskad,"384,68",580,амуниция\кожа,,,ширина,25 мм,обх.шеи,38-46,,,,
22,"Ошейник кожаный ""Элита"" тройной с шипами-ёж в загибку",25125,kaskad,"385,27",580,амуниция\кожа,,,ширина,25 мм,обх.шеи, 43-51,,,,
22,"Ошейник кожаный ""Элита"" тройной с шипами-ёж в загибку",30124,kaskad,"485,23",730,амуниция\кожа,,,ширина, 30 мм,обх.шеи,44-53,,,,
22,"Ошейник кожаный ""Элита"" тройной с шипами-ёж в загибку",30125,kaskad,"485,23",730,амуниция\кожа,,,ширина, 30 мм,обх.шеи, 49-58,,,,
22,"Ошейник кожаный ""Элита"" тройной с шипами-ёж в загибку",35124,kaskad,"587,48",885,амуниция\кожа,,,ширина,35 мм,обх.шеи,50-59,,,,
22,"Ошейник кожаный ""Элита"" тройной с шипами-ёж в загибку",35125,kaskad,"596,72",885,амуниция\кожа,,,ширина,35 мм,обх.шеи,55-64,,,,
22,"Ошейник кожаный ""Элита"" тройной с шипами-ёж в загибку",45124,kaskad,"876,54",1315,амуниция\кожа,,,ширина,45 мм,обх.шеи, 51-60,,,,
22,"Ошейник кожаный ""Элита"" тройной с шипами-ёж в загибку",45125,kaskad,"876,54",1315,амуниция\кожа,,,ширина,45 мм,обх.шеи,57-66,,,,
23,"Удавка кожаная ""Элита"" круглая шов внутрь ",82011,kaskad,"380,65",575,амуниция\кожа,,,Размер,Ø 8 мм,обх.шеи, 40 см,,,,
23,"Удавка кожаная ""Элита"" круглая шов внутрь ",102011,kaskad,"456,18",685,амуниция\кожа,,,Размер, Ø 10 мм ,обх.шеи,45 см,,,,
23,"Удавка кожаная ""Элита"" круглая шов внутрь ",2011,kaskad,"622,36",935,амуниция\кожа,,,Размер,Ø 14 мм,обх.шеи,70 см,,,,
24,"Удавка кожаная ""Элита"" круглая шов наружу",82021,kaskad,"341,84",515,амуниция\кожа,,,Размер,Ø 8 мм,обх.шеи, 40 см,,,,
24,"Удавка кожаная ""Элита"" круглая шов наружу",102021,kaskad,"417,38",630,амуниция\кожа,,,Размер, Ø 10 мм ,обх.шеи,45 см,,,,
24,"Удавка кожаная ""Элита"" круглая шов наружу",2021,kaskad,"575,34",865,амуниция\кожа,,,Размер,Ø 14 мм,обх.шеи,70 см,,,,
25,"Удавка кожаная ""Элита"" круглая шов внутрь переменной длины",2012,kaskad,"721,71",1085,амуниция\кожа,,,Размер,Ø 14 мм,обх.шеи,70 см,,,,
25,"Удавка кожаная ""Элита"" круглая шов внутрь переменной длины",2013,kaskad,"721,71",1085,амуниция\кожа,,,Размер,Ø 14 мм,обх.шеи,80 см,,,,
26,"Удавка кожаная ""Элита"" круглая шов наружу переменной длины",2022,kaskad,"679,01",1020,амуниция\кожа,,,Размер,Ø 14 мм,обх.шеи,70 см,,,,
26,"Удавка кожаная ""Элита"" круглая шов наружу переменной длины",2023,kaskad,"679,01",1020,амуниция\кожа,,,Размер,Ø 14 мм,обх.шеи,80 см,,,,
27,Полуудавка кожаная Элита круглая с цугом шов внутрь ,2015,kaskad,"546,11",820,амуниция\кожа,,,Размер,Ø 14 мм,обх.шеи,46-58,,,,
28,Полуудавка кожаная Элита круглая с цугом шов наружу,82027,kaskad,"369,89",555,амуниция\кожа,,,Размер,Ø 8 мм,обх.шеи, 27-37,,,,
28,Полуудавка кожаная Элита круглая с цугом шов наружу,102027,kaskad,"455,36",685,амуниция\кожа,,,Размер, Ø 10 мм ,обх.шеи,38-52 ,,,,
28,Полуудавка кожаная Элита круглая с цугом шов наружу,2027,kaskad,"488,96",735,амуниция\кожа,,,Размер,Ø 14 мм,обх.шеи, 46-58 ,,,,
29,Полуудавка кожаная Элита круглая шов внутрь,82024,kaskad,"397,28",600,амуниция\кожа,,,Размер,Ø 8 мм,обх.шеи, 23-28,,,,
29,Полуудавка кожаная Элита круглая шов внутрь,102024,kaskad,"514,31",775,амуниция\кожа,,,Размер, Ø 10 мм ,обх.шеи,30-36,,,,
29,Полуудавка кожаная Элита круглая шов внутрь,2014,kaskad,"633,32",950,амуниция\кожа,,,Размер,Ø 14 мм,обх.шеи,32-40,,,,
30,Полуудавка кожаная Элита круглая шов наружу,82014,kaskad,"354,59",535,амуниция\кожа,,,Размер,Ø 8 мм,обх.шеи, 23-28,,,,
30,Полуудавка кожаная Элита круглая шов наружу,102014,kaskad,"471,6",710,амуниция\кожа,,,Размер, Ø 10 мм ,обх.шеи,30-36,,,,
30,Полуудавка кожаная Элита круглая шов наружу,2026,kaskad,"625,57",940,амуниция\кожа,,,Размер,Ø 14 мм,обх.шеи,32-40,,,,
31,"Ошейник кожаный ""Элита"" двойной с расширением с косой (д/борзой) ",13,kaskad,"518,68",780,амуниция\кожа,,,обх.шеи,35-43,,,,,,
32,"Ошейник кожаный ""Элита"" двойной с расширением с шипами-ёж (д/борзой)",113,kaskad,"421,85",635,амуниция\кожа,,,обх.шеи,35-43,,,,,,
33,"Ошейник кожаный ""Элита"" двойной с расширением со стразами  (д/борзой)",20,kaskad,"497,68",750,амуниция\кожа,,,обх.шеи,35-43,,,,,,
34,"Ошейник кожаный ""Элита"" двойной с расширением (д/левретки, таксы) ",15200,kaskad,"160,88",245,амуниция\кожа,,,Размер,15 мм,обх.шеи, 25-32,,,,
34,"Ошейник кожаный ""Элита"" двойной с расширением (д/левретки, таксы) ",20200,kaskad,"211,74",320,амуниция\кожа,,,Размер,20 мм,обх.шеи,32-41,,,,
35,"Ошейник кожаный ""Элита"" двойной с расширением с косой (д/левретки, таксы)",15201,kaskad,"224,39",340,амуниция\кожа,,,Размер,15 мм,обх.шеи, 25-32,,,,
35,"Ошейник кожаный ""Элита"" двойной с расширением с косой (д/левретки, таксы)",20201,kaskad,"286,08",430,амуниция\кожа,,,Размер,20 мм,обх.шеи,32-41,,,,
36,"Ошейник кожаный ""Элита"" двойной с расширением с шипами-ёж (д/таксы)",15203,kaskad,"197,8",300,амуниция\кожа,,,Размер,15 мм,обх.шеи, 25-32,,,,
36,"Ошейник кожаный ""Элита"" двойной с расширением с шипами-ёж (д/таксы)",20203,kaskad,"254,35",385,амуниция\кожа,,,Размер,20 мм,обх.шеи,32-41,,,,
37,"Ошейник кожаный ""Элита"" двойной с расширением со стразами  (д/таксы)",15202,kaskad,"243,18",365,амуниция\кожа,,,Размер,15 мм,обх.шеи, 25-32,,,,
37,"Ошейник кожаный ""Элита"" двойной с расширением со стразами  (д/таксы)",20202,kaskad,"316,22",475,амуниция\кожа,,,Размер,20 мм,обх.шеи,32-41,,,,
38,"Цепь-удавка ""Элита"" ",19440161,kaskad,"88,85",135,амуниция\метал,,,длина,40 см,Размер,Ø 1.6 мм,,,,
38,"Цепь-удавка ""Элита"" ",19440251,kaskad,"95,06",145,амуниция\метал,,,длина,40 см,Размер,Ø 2.5 мм,,,,
38,"Цепь-удавка ""Элита"" ",19440351,kaskad,"113,65",175,амуниция\метал,,,длина,40 см,Размер,Ø 3.5 мм,,,,
38,"Цепь-удавка ""Элита"" ",19445201,kaskad,"90,92",140,амуниция\метал,,,длина,45 см,Размер,Ø 2.0 мм,,,,
38,"Цепь-удавка ""Элита"" ",19445251,kaskad,"99,19",150,амуниция\метал,,,длина,45 см,Размер,Ø 2.5 мм,,,,
38,"Цепь-удавка ""Элита"" ",19445351,kaskad,"117,79",180,амуниция\метал,,,длина,45 см,Размер,Ø 3.5 мм,,,,
38,"Цепь-удавка ""Элита"" ",19450201,kaskad,"95,06",145,амуниция\метал,,,длина,50 см,Размер,Ø 2.0 мм,,,,
38,"Цепь-удавка ""Элита"" ",19450351,kaskad,"123,98",190,амуниция\метал,,,длина,50 см,Размер,Ø 3.5 мм,,,,
38,"Цепь-удавка ""Элита"" ",19455201,kaskad,"99,19",150,амуниция\метал,,,длина,55 см,Размер,Ø 2.0 мм,,,,
38,"Цепь-удавка ""Элита"" ",19455251,kaskad,"107,46",165,амуниция\метал,,,длина,55 см,Размер,Ø 2.5 мм,,,,
38,"Цепь-удавка ""Элита"" ",19765251,kaskad,"370,43",560,амуниция\метал,,,длина,62 см,Размер,Ø 2.0 мм,,,,
38,"Цепь-удавка ""Элита"" ",19490351,kaskad,"202,12",305,амуниция\метал,,,длина,90 см,Размер,Ø 3.5 мм,,,,
39,"Цепь-удавка ""Элита"" двухрядная",24430202,kaskad,"190,11",290,амуниция\метал,,,длина,30 см,Размер,Ø 2.0 мм,,,,
39,"Цепь-удавка ""Элита"" двухрядная",24435202,kaskad,"209,4",315,амуниция\метал,,,длина,35 см,Размер,Ø 2.0 мм,,,,
40,"Цепь-удавка ""Элита"" (золотая) ",19725161,kaskad,"242,71",365,амуниция\метал,,,длина,25 см,Размер,Ø 1.6 мм,,,,
40,"Цепь-удавка ""Элита"" (золотая) ",19725201,kaskad,"269,82",405,амуниция\метал,,,длина,25 см,Размер,Ø 2.0 мм,,,,
40,"Цепь-удавка ""Элита"" (золотая) ",19730161,kaskad,"267,18",405,амуниция\метал,,,длина,30 см,Размер,Ø 1.6 мм,,,,
40,"Цепь-удавка ""Элита"" (золотая) ",19735161,kaskad,"297,61",450,амуниция\метал,,,длина,35 см,Размер,Ø 1.6 мм,,,,
41,"Цепь-удавка ""Элита"" длинное звено",19545301,kaskad,"111,6",170,амуниция\метал,,,длина,45 см,Размер,Ø 3.0 мм,,,,
41,"Цепь-удавка ""Элита"" длинное звено",19555301,kaskad,"126,05",190,амуниция\метал,,,длина,55 см,Размер,Ø 3.0 мм,,,,
41,"Цепь-удавка ""Элита"" длинное звено",19555381,kaskad,"132,25",200,амуниция\метал,,,длина,55 см,Размер,Ø 3.8 мм,,,,
41,"Цепь-удавка ""Элита"" длинное звено",19560301,kaskad,"132,25",200,амуниция\метал,,,длина,60 см,Размер,Ø 3.0 мм,,,,
41,"Цепь-удавка ""Элита"" длинное звено",19560381,kaskad,"136,39",205,амуниция\метал,,,длина,60 см,Размер,Ø 3.8 мм,,,,
41,"Цепь-удавка ""Элита"" длинное звено",19570401,kaskad,"171,51",260,амуниция\метал,,,длина,70 см,Размер,Ø 4.0 мм,,,,
41,"Цепь-удавка ""Элита"" длинное звено",19575381,kaskad,"154,97",235,амуниция\метал,,,длина,75 см,Размер,Ø 3.8 мм,,,,
41,"Цепь-удавка ""Элита"" длинное звено",19585401,kaskad,"192,18",290,амуниция\метал,,,длина,85 см,Размер,Ø 4.0 мм,,,,
42,"Полуудавка ""Элита"" металлическая двухрядная ",11444252,kaskad,"268,47",405,амуниция\метал,,,длина,44 см,Размер,Ø 2.5 мм,,,,
43,"Ошейник ""Элита"" металический трехрядный с кожей",430203,kaskad,"445,22",670,амуниция\метал,,,длина,30 см,Размер,Ø 2.0 мм,,,,
43,"Ошейник ""Элита"" металический трехрядный с кожей",450253,kaskad,"652,34",980,амуниция\метал,,,длина,50 см,Размер,Ø 2.5 мм,,,,
44,"Водилка кожаная ""Элита"" круглая шов внутри +цепь ",6014005,kaskad,"712,26",1070,амуниция\кожа,,,длина,50 см+ 50 см,Размер,Ø 14 мм+Ø 4 мм,,,,
45,"Водилка кожаная ""Элита"" круглая шов снаружи +цепь ",6014015,kaskad,"690,19",1040,амуниция\кожа,,,длина,50 см+ 50 см,Размер,Ø 14 мм+Ø 4 мм,,,,
46,"Водилка кожаная ""Элита""круглая шов внутри",6014001,kaskad,"625,57",940,амуниция\кожа,,,длина,50 см,Размер,Ø 14 мм,,,,
47,"Водилка кожаная ""Элита""круглая шов снаружи",6010011,kaskad,"513,01",770,амуниция\кожа,,,длина,50 см,Размер,Ø 10 мм,,,,
47,"Водилка кожаная ""Элита""круглая шов снаружи",6014011,kaskad,"582,86",875,амуниция\кожа,,,длина,50 см,Размер,Ø 14 мм,,,,
48,"Поводок кожаный ""Элита"" круглый шов внутри",2006003,kaskad,"593,19",890,амуниция\кожа,,,длина,1 м,Размер,Ø 6 мм,,,,
48,"Поводок кожаный ""Элита"" круглый шов внутри",2008003,kaskad,"642,89",965,амуниция\кожа,,,длина,1 м,Размер,Ø 8 мм,,,,
48,"Поводок кожаный ""Элита"" круглый шов внутри",2010003,kaskad,"749,01",1125,амуниция\кожа,,,длина,1 м,Размер,Ø 10 мм,,,,
48,"Поводок кожаный ""Элита"" круглый шов внутри",2014003,kaskad,"868,83",1305,амуниция\кожа,,,длина,1 м,Размер,Ø14 мм,,,,
49,"Поводок кожаный ""Элита"" круглый шов снаружи",2006002,kaskad,"589,3",885,амуниция\кожа,,,длина,1 м,Размер,Ø 6 мм,,,,
49,"Поводок кожаный ""Элита"" круглый шов снаружи",2008002,kaskad,"646,78",975,амуниция\кожа,,,длина,1 м,Размер,Ø 8 мм,,,,
49,"Поводок кожаный ""Элита"" круглый шов снаружи",2010002,kaskad,"702,43",1055,амуниция\кожа,,,длина,1 м,Размер,Ø 10 мм,,,,
49,"Поводок кожаный ""Элита"" круглый шов снаружи",2014002,kaskad,"826,14",1240,амуниция\кожа,,,длина,1 м,Размер,Ø14 мм,,,,
50,"Поводок кожаный ""Элита""тройной с косой в загибку ",2016040,kaskad,"452,51",680,амуниция\кожа,,,длина,1 м,ширина,16 мм,,,,
50,"Поводок кожаный ""Элита""тройной с косой в загибку ",2018040,kaskad,"483,06",725,амуниция\кожа,,,длина,1 м,ширина,18 мм,,,,
50,"Поводок кожаный ""Элита""тройной с косой в загибку ",2020040,kaskad,"516,01",775,амуниция\кожа,,,длина,1 м,ширина,20мм,,,,
50,"Поводок кожаный ""Элита""тройной с косой в загибку ",2025040,kaskad,"579,64",870,амуниция\кожа,,,длина,1 м,ширина,25 мм,,,,
51,"Ринговка кожаная с поводком ""Элита"" круглая",2000006,kaskad,"421,81",635,амуниция\кожа,,,Размер,Ø 4 мм,,,,,,
51,"Ринговка кожаная с поводком ""Элита"" круглая",2000005,kaskad,"523,68",790,амуниция\кожа,,,Размер,Ø 5 мм,,,,,,
51,"Ринговка кожаная с поводком ""Элита"" круглая",2000000,kaskad,643,965,амуниция\кожа,,,Размер,Ø 6 мм,,,,,,
52,"Поводок цепной ""Элита"" с кожаной ручкой",13412161,kaskad,"279,45",420,амуниция\метал,,,длина,"1,2 метра",Размер,Ø1.6 мм,,,,
52,"Поводок цепной ""Элита"" с кожаной ручкой",13412201,kaskad,"279,45",420,амуниция\метал,,,длина,"1,2 метра",Размер,Ø2.0 мм,,,,
52,"Поводок цепной ""Элита"" с кожаной ручкой",13412351,kaskad,"351,89",530,амуниция\метал,,,длина,"1,2 метра",Размер,Ø3.5 мм,,,,
53,"Шлейка кожаная ""Элита"" чау-чау круглая шов внутрь",1004000,kaskad,"1 216,34 ",1825,амуниция\кожа,,,грудь,72-80 см,обхват шеи, 66-74 см,Размер,Ø14 мм,,
53,"Шлейка кожаная ""Элита"" чау-чау круглая шов внутрь",1004001,kaskad,"1 216,34 ",1825,амуниция\кожа,,,грудь,78-86 см,обхват шеи, 72-80 см,Размер,Ø14 мм,,
53,"Шлейка кожаная ""Элита"" чау-чау круглая шов внутрь",1004002,kaskad,"1 216,34 ",1825,амуниция\кожа,,,грудь,84-92 см ,обхват шеи,84-92 см,Размер,Ø14 мм,,
54,"Шлейка кожаная ""Элита"" чау-чау круглая шов наружу",1004003,kaskad,"1 130,96 ",1700,амуниция\кожа,,,грудь,72-80 см,обхват шеи, 66-74 см,Размер,Ø14 мм,,
54,"Шлейка кожаная ""Элита"" чау-чау круглая шов наружу",1004004,kaskad,"1 130,96 ",1700,амуниция\кожа,,,грудь,78-86 см,обхват шеи, 72-80 см,Размер,Ø14 мм,,
54,"Шлейка кожаная ""Элита"" чау-чау круглая шов наружу",1004005,kaskad,"1 130,96 ",1700,амуниция\кожа,,,грудь,84-92 см ,обхват шеи,84-92 см,Размер,Ø14 мм,,
55,"Шлейка кожаная ""Элита"" двойная б/украш.",1015001,kaskad,"561,23",845,амуниция\кожа,,,грудь, 31-36 см,обхват шеи,19-32 см,ширина,15мм,,
55,"Шлейка кожаная ""Элита"" двойная б/украш.",1020001,kaskad,"758,96",1140,амуниция\кожа,,,грудь,38-46 см,обхват шеи, 28-42 см,ширина,20 мм,,
55,"Шлейка кожаная ""Элита"" двойная б/украш.",1025001,kaskad,"1 156,60 ",1735,амуниция\кожа,,,грудь,69-77 см,обхват шеи,44-60 см,ширина,25 мм,,
55,"Шлейка кожаная ""Элита"" двойная б/украш.",1035001,kaskad,"1 615,70 ",2425,амуниция\кожа,,,грудь,74-85 см,обхват шеи, 49-68 см,ширина,35 мм,,
55,"Шлейка кожаная ""Элита"" двойная б/украш.",1045001,kaskad,"2 242,44 ",3363,амуниция\кожа,,,грудь, 90-100 см,обхват шеи,56-76 см,ширина,45 мм,,
56,"Шлейка кожаная ""Элита"" двойная с украш. ",1020003,kaskad,"793,09",1190,амуниция\кожа,,,грудь,38-46 см,обхват шеи, 28-42 см,ширина,20 мм,,
56,"Шлейка кожаная ""Элита"" двойная с украш. ",1025003,kaskad,"1 318,57 ",1980,амуниция\кожа,,,грудь,69-77 см,обхват шеи,44-60 см,ширина,25 мм,,
56,"Шлейка кожаная ""Элита"" двойная с украш. ",1035003,kaskad,"1 723,60 ",2590,амуниция\кожа,,,грудь,74-85 см,обхват шеи, 49-68 см,ширина,35 мм,,
56,"Шлейка кожаная ""Элита"" двойная с украш. ",1045003,kaskad,"2 319,60 ",3480,амуниция\кожа,,,грудь, 90-100 см,обхват шеи,56-76 см,ширина,45 мм,,
57,"Шлейка кожаная ""Элита"" двойная с косицами ",1020002,kaskad,"889,9",1335,амуниция\кожа,,,грудь,38-46 см,обхват шеи, 28-42 см,ширина,20 мм,,
57,"Шлейка кожаная ""Элита"" двойная с косицами ",1025002,kaskad,"1 322,98 ",1985,амуниция\кожа,,,грудь,69-77 см,обхват шеи,44-60 см,ширина,25 мм,,
57,"Шлейка кожаная ""Элита"" двойная с косицами ",1035002,kaskad,"1 713,58 ",2575,амуниция\кожа,,,грудь,74-85 см,обхват шеи, 49-68 см,ширина,35 мм,,
57,"Шлейка кожаная ""Элита"" двойная с косицами ",1045002,kaskad,"2 487,14 ",3735,амуниция\кожа,,,грудь, 90-100 см,обхват шеи,56-76 см,ширина,45 мм,,
58,"Шлейка кожаная ""Элита"" двойная с шипами-ёж",1015005,kaskad,"587,14",885,амуниция\кожа,,,грудь, 31-36 см,обхват шеи,19-32 см,ширина,15мм,,
58,"Шлейка кожаная ""Элита"" двойная с шипами-ёж",1020005,kaskad,"790,13",1190,амуниция\кожа,,,грудь,38-46 см,обхват шеи, 28-42 см,ширина,20 мм,,
58,"Шлейка кожаная ""Элита"" двойная с шипами-ёж",1025005,kaskad,"1 188,26 ",1785,амуниция\кожа,,,грудь,69-77 см,обхват шеи,44-60 см,ширина,25 мм,,
58,"Шлейка кожаная ""Элита"" двойная с шипами-ёж",1035005,kaskad,"1 717,61 ",2580,амуниция\кожа,,,грудь,74-85 см,обхват шеи, 49-68 см,ширина,35 мм,,
58,"Шлейка кожаная ""Элита"" двойная с шипами-ёж",1045005,kaskad,"2 429,15 ",3645,амуниция\кожа,,,грудь, 90-100 см,обхват шеи,56-76 см,ширина,45 мм,,
59,"Шлейка кожаная ""Элита"" двойная со стразами",1015004,kaskad,"637,67",960,амуниция\кожа,,,грудь, 31-36 см,обхват шеи,19-32 см,ширина,15мм,,
59,"Шлейка кожаная ""Элита"" двойная со стразами",1020004,kaskad,"861,48",1295,амуниция\кожа,,,грудь,38-46 см,обхват шеи, 28-42 см,ширина,20 мм,,
59,"Шлейка кожаная ""Элита"" двойная со стразами",1025004,kaskad,"1 387,64 ",2085,амуниция\кожа,,,грудь,69-77 см,обхват шеи,44-60 см,ширина,25 мм,,
59,"Шлейка кожаная ""Элита"" двойная со стразами",1035004,kaskad,"2 038,30 ",3060,амуниция\кожа,,,грудь,74-85 см,обхват шеи, 49-68 см,ширина,35 мм,,
59,"Шлейка кожаная ""Элита"" двойная со стразами",1045004,kaskad,"2 645,39 ",3970,амуниция\кожа,,,грудь, 90-100 см,обхват шеи,56-76 см,ширина,45 мм,,
60,"Намордник металл боксер(кобель) ""Элита""",4408011,kaskad,"688,7",1035,амуниция\метал,,,,,,,,,,
61,"Намордник металл боксер(сука) ""Элита""",4408021,kaskad,"656,82",990,амуниция\метал,,,,,,,,,,
62,"Намордник металл доберман ""Элита""",4410012,kaskad,"690,54",1040,амуниция\метал,,,,,,,,,,
63,"Намордник металл дог ""Элита""",4414011,kaskad,"846,77",1275,амуниция\метал,,,,,,,,,,
64,"Намордник металл кавказец ""Элита""",4407011,kaskad,"755,06",1135,амуниция\метал,,,,,,,,,,
65,"Намордник металл колли, борзая ""Элита""",4409011,kaskad,"684,97",1030,амуниция\метал,,,,,,,,,,
66,"Намордник металл овчарка(кобель) ""Элита""",4415011,kaskad,"708,81",1065,амуниция\метал,,,,,,,,,,
67,"Намордник металл овчарка(сука) ""Элита""",4415012,kaskad,"691,65",1040,амуниция\метал,,,,,,,,,,
68,"Намордник металл ротвейлер(кобель) ""Элита""",4412011,kaskad,"694,64",1045,амуниция\метал,,,,,,,,,,
69,"Намордник металл ротвейлер(сука) ""Элита""",4412012,kaskad,"682,47",1025,амуниция\метал,,,,,,,,,,
70,"Намордник металл спаниель(сука) ""Элита""",4413012,kaskad,"658,32",990,амуниция\метал,,,,,,,,,,
71,"Ошейник ""Колибри"" с бисером ",7049,kaskad,"111,78",170,амуниция\ошейники,,,цвет,бежевый,Размер ,15*35 см,,,,
71,"Ошейник ""Колибри"" с бисером ",7051,kaskad,"111,78",170,амуниция\ошейники,,,цвет,голубой,Размер ,15*35 см,,,,
71,"Ошейник ""Колибри"" с бисером ",7050,kaskad,"111,78",170,амуниция\ошейники,,,цвет,красный,Размер ,15*35 см,,,,
72,"Ошейник ""Колибри"" с вышивкой",7083,kaskad,"360,18",545,амуниция\ошейники,,,цвет,Розовый,Размер ,15*35 см,,,,
73,"Ошейник ""Колибри"" с полосой ""Леопард"" ",7099,kaskad,"115,92",175,амуниция\ошейники,,,цвет,красный,Размер ,20*45 см,,,,
73,"Ошейник ""Колибри"" с полосой ""Леопард"" ",7100,kaskad,"115,92",175,амуниция\ошейники,,,цвет,черный,Размер ,20*45 см,,,,
74,"Ошейник ""Колибри"" с полосой в горошек",7097,kaskad,"115,92",175,амуниция\ошейники,,,цвет,черный,Размер ,20*45 см,,,,
74,"Ошейник ""Колибри"" с полосой в горошек",7098,kaskad,"115,92",175,амуниция\ошейники,,,цвет,черный,Размер ,20*45 см,,,,
75,"Ошейник ""Колибри"" с рисунком ""Радуга""",7038,kaskad,"190,44",290,амуниция\ошейники,,,размер,15мм*35см,,,,,,
75,"Ошейник ""Колибри"" с рисунком ""Радуга""",7039,kaskad,"221,49",335,амуниция\ошейники,,,размер,20мм*40см,,,,,,
75,"Ошейник ""Колибри"" с рисунком ""Радуга""",7040,kaskad,"269,1",405,амуниция\ошейники,,,размер,25мм*50см,,,,,,
76,"Ошейник ""Колибри"" с текстурой ""Плетение""",7105,kaskad,"130,41",200,амуниция\ошейники,,,цвет,черный,размер,20мм*45см,,,,
76,"Ошейник ""Колибри"" с текстурой ""Плетение""",7108,kaskad,"165,6",250,амуниция\ошейники,,,цвет,коричневый,размер, 25мм*50см,,,,
76,"Ошейник ""Колибри"" с текстурой ""Плетение""",7107,kaskad,"165,6",250,амуниция\ошейники,,,цвет,черный,размер, 25мм*50см,,,,
77,"Ошейник ""Колибри"" лаковый с украшением ""Косточка""",7034,kaskad,"198,72",300,амуниция\ошейники,,,цвет,вишневый,размер, 15мм*35см,,,,
77,"Ошейник ""Колибри"" лаковый с украшением ""Косточка""",7035,kaskad,"198,72",300,амуниция\ошейники,,,цвет,розовый ,размер, 15мм*35см,,,,
77,"Ошейник ""Колибри"" лаковый с украшением ""Косточка""",7033,kaskad,"198,72",300,амуниция\ошейники,,,цвет,черный,размер, 15мм*35см,,,,
77,"Ошейник ""Колибри"" лаковый с украшением ""Косточка""",7036,kaskad,"227,7",345,амуниция\ошейники,,,цвет,красный,размер,20мм*40см,,,,
77,"Ошейник ""Колибри"" лаковый с украшением ""Косточка""",7037,kaskad,"227,7",345,амуниция\ошейники,,,цвет,черный,размер,20мм*45см,,,,
78,"Ошейник ""Колибри"" лаковый с украшением ""Роза""",00007119-08,kaskad,"258,75",390,амуниция\ошейники,,,цвет,белый,размер,12ммх30см,,,,
78,"Ошейник ""Колибри"" лаковый с украшением ""Роза""",00007119-12,kaskad,"258,75",390,амуниция\ошейники,,,цвет,розовый,размер,12ммх30см,,,,
78,"Ошейник ""Колибри"" лаковый с украшением ""Роза""",00007120-02,kaskad,"293,94",445,амуниция\ошейники,,,цвет,красный,размер,15ммх40см,,,,
78,"Ошейник ""Колибри"" лаковый с украшением ""Роза""",00007120-12,kaskad,"293,94",445,амуниция\ошейники,,,цвет,розовый,размер,15ммх40см,,,,
79,"Ошейник ""Колибри"" лаковый с украшением ""Собачка""",7088,kaskad,"200,79",305,амуниция\ошейники,,,цвет,черный,размер,15ммx35см,,,,
79,"Ошейник ""Колибри"" лаковый с украшением ""Собачка""",7089,kaskad,"238,05",360,амуниция\ошейники,,,цвет,черный,размер,20ммx40см,,,,
80,"Ошейник ""Колибри"" нубук в загибку с украшением ""Косточка""",250036,kaskad,"351,9",530,амуниция\ошейники,,,цвет,табачный / какао,размер, 20мм*45см,,,,
80,"Ошейник ""Колибри"" нубук в загибку с украшением ""Косточка""",250037,kaskad,"401,58",605,амуниция\ошейники,,,цвет,табачный / какао,размер,25мм*55см,,,,
81,"Ошейник ""Колибри"" с украшением ""Звездочки"" ",7015,kaskad,"291,87",440,амуниция\ошейники,,,цвет,синий,размер,20ммх45см,,,,
81,"Ошейник ""Колибри"" с украшением ""Звездочки"" ",7016,kaskad,"327,06",495,амуниция\ошейники,,,цвет,синий,размер,25ммх50см,,,,
82,"Ошейник ""Колибри"" с украшением ""Косточки"" ",7013,kaskad,"291,87",440,амуниция\ошейники,,,цвет,красный,размер,20ммх45см,,,,
82,"Ошейник ""Колибри"" с украшением ""Косточки"" ",7014,kaskad,"327,06",495,амуниция\ошейники,,,цвет,красный,размер,25ммх50см ,,,,
83,"Ошейник ""Колибри"" с укаршением ""Собачки"" ",7011,kaskad,"291,87",440,амуниция\ошейники,,,цвет,желтый,размер,20ммх45,,,,
83,"Ошейник ""Колибри"" с укаршением ""Собачки"" ",7012,kaskad,"327,06",495,амуниция\ошейники,,,цвет,желтый,размер,25ммх50см ,,,,
83,"Ошейник ""Колибри"" с укаршением ""Собачки"" ",00007012-06,kaskad,"327,06",495,амуниция\ошейники,,,цвет,синий,размер,25ммх50см ,,,,
84,"Ошейник ""Колибри"" змеиная кожа с укр. ""Косточка"" со стразами и с кулоном",7019,kaskad,"513,36",775,амуниция\ошейники,,,цвет,голубой,размер,15ммх35см,,,,
84,"Ошейник ""Колибри"" змеиная кожа с укр. ""Косточка"" со стразами и с кулоном",7020,kaskad,"513,36",775,амуниция\ошейники,,,цвет,зеленый,размер,15ммх35см,,,,
84,"Ошейник ""Колибри"" змеиная кожа с укр. ""Косточка"" со стразами и с кулоном",7022,kaskad,"565,11",850,амуниция\ошейники,,,цвет,зеленый,размер,20мм*45см,,,,
84,"Ошейник ""Колибри"" змеиная кожа с укр. ""Косточка"" со стразами и с кулоном",7021,kaskad,"503,01",755,амуниция\ошейники,,,цвет,голубой,размер, 20ммх40см,,,,
84,"Ошейник ""Колибри"" змеиная кожа с укр. ""Косточка"" со стразами и с кулоном",7007,kaskad,"683,1",1025,амуниция\ошейники,,,цвет,розовый,размер,25ммх45см,,,,
84,"Ошейник ""Колибри"" змеиная кожа с укр. ""Косточка"" со стразами и с кулоном",7009,kaskad,"765,9",1150,амуниция\ошейники,,,цвет,черный,размер, 25ммх50см,,,,
85,"Ошейник ""Колибри"" змеиная кожа с укр. ""Собачка"" со стразами и с кулоном ",7023,kaskad,"397,44",600,амуниция\ошейники,,,цвет,голубой,размер,15ммх35см,,,,
85,"Ошейник ""Колибри"" змеиная кожа с укр. ""Собачка"" со стразами и с кулоном ",7024,kaskad,"397,44",600,амуниция\ошейники,,,цвет,розовый,размер,15ммх35см,,,,
85,"Ошейник ""Колибри"" змеиная кожа с укр. ""Собачка"" со стразами и с кулоном ",7026,kaskad,"457,47",690,амуниция\ошейники,,,цвет,розовый,размер,20ммх40см,,,,
85,"Ошейник ""Колибри"" змеиная кожа с укр. ""Собачка"" со стразами и с кулоном ",7025,kaskad,"463,68",700,амуниция\ошейники,,,цвет,голубой,размер,20ммх45см ,,,,
85,"Ошейник ""Колибри"" змеиная кожа с укр. ""Собачка"" со стразами и с кулоном ",7027,kaskad,"558,9",840,амуниция\ошейники,,,цвет,черный,размер,25ммх50см,,,,
86,"Ошейник ""Колибри"" кольцо посередине с голубыми и розовыми стразами",7002,kaskad,"974,97",1465,амуниция\ошейники,,,цвет,золотой,размер,25ммх40см,,,,
86,"Ошейник ""Колибри"" кольцо посередине с голубыми и розовыми стразами",7005,kaskad,"1 181,97 ",1775,амуниция\ошейники,,,цвет,золотой,размер, 25ммх45см,,,,
87,"Ошейник ""Колибри"" кольцо посередине со стразами в 3 ряда",7004,kaskad,"1080,54",1625,амуниция\ошейники,,,цвет,серебряный,размер, 25ммх45см,,,,
88,"Ошейник ""Колибри"" лаковый с декоративной вставкой ""Косточка"" со стразами",250035,kaskad,"271,17",410,амуниция\ошейники,,,цвет,красный,размер,10ммx35см,,,,
89,"Ошейник ""Колибри"" лаковый с украшением со стразами ",7028,kaskad,"358,11",540,амуниция\ошейники,,,цвет,вишневый,размер,15ммх35см,,,,
89,"Ошейник ""Колибри"" лаковый с украшением со стразами ",7029,kaskad,"403,65",610,амуниция\ошейники,,,цвет,вишневый,размер, 20ммх40см,,,,
90,"Ошейник ""Колибри"" лаковый стразы в один ряд ",00007062-22,kaskad,"180,09",275,амуниция\ошейники,,,цвет,фуксия,размер,15ммх35см,,,,
91,"Ошейник ""Колибри"" с украшением из букв ""Prince"" ",7116,kaskad,"337,41",510,амуниция\ошейники,,,цвет,синий,размер,20ммх40см,,,,
92,"Ошейник ""Колибри"" с украшением из букв ""Princess"" ",7043,kaskad,"436,77",660,амуниция\ошейники,,,цвет,белый ,размер, 20ммх35см ,,,,
92,"Ошейник ""Колибри"" с украшением из букв ""Princess"" ",7042,kaskad,"494,73",745,амуниция\ошейники,,,цвет,розовый,размер,20ммх35см,,,,
93,"Ошейник ""Колибри"" со стразами ""Галстук-бабочка"" ",7065,kaskad,"399,51",600,амуниция\ошейники,,,цвет,вишневый,размер,12ммх30см,,,,
93,"Ошейник ""Колибри"" со стразами ""Галстук-бабочка"" ",7067,kaskad,"399,51",600,амуниция\ошейники,,,цвет,салатовый,размер,12ммх30см,,,,
93,"Ошейник ""Колибри"" со стразами ""Галстук-бабочка"" ",7066,kaskad,"399,51",600,амуниция\ошейники,,,цвет,синий,размер,12ммх30см,,,,
94,"Ошейник ""Колибри"" кольцо посередине с укр. и кулоном ""Косточка"" со стразами",7006,kaskad,"703,8",1060,амуниция\ошейники,,,цвет,красный ,размер,25ммх45см,,,,
94,"Ошейник ""Колибри"" кольцо посередине с укр. и кулоном ""Косточка"" со стразами",7010,kaskad,"869,4",1305,амуниция\ошейники,,,цвет,черный,размер,25ммх50см,,,,
95,"Ошейник ""Колибри"" кольцо посередине с украшением стразы в 2 ряда",00007047-16,kaskad,"271,17",410,амуниция\ошейники,,,цвет,голубой,размер, 20мм*40см,,,,
95,"Ошейник ""Колибри"" кольцо посередине с украшением стразы в 2 ряда",00007047-01,kaskad,"271,17",410,амуниция\ошейники,,,цвет,коричневый,размер, 20мм*40см,,,,
95,"Ошейник ""Колибри"" кольцо посередине с украшением стразы в 2 ряда",00007047-02,kaskad,"271,17",410,амуниция\ошейники,,,цвет,красный,размер, 20мм*40см,,,,
95,"Ошейник ""Колибри"" кольцо посередине с украшением стразы в 2 ряда",00007047-12,kaskad,"271,17",410,амуниция\ошейники,,,цвет,розовый,размер, 20мм*40см,,,,
95,"Ошейник ""Колибри"" кольцо посередине с украшением стразы в 2 ряда",00007047-07,kaskad,"271,17",410,амуниция\ошейники,,,цвет,черный,размер, 20мм*40см,,,,
96,"Ошейник ""Колибри"" кольцо посередине  с украшением узор из страз ",7087,kaskad,"420,21",635,амуниция\ошейники,,,цвет,черный,размер,25ммх40см,,,,
97,"Ошейник ""Колибри"" кольцо посередине со стразами и жемчугом",7003,kaskad,"755,55",1135,амуниция\ошейники,,,цвет,черный,размер,25ммх40см,,,,
97,"Ошейник ""Колибри"" кольцо посередине со стразами и жемчугом",7003,kaskad,"755,55",1135,амуниция\ошейники,,,цвет,красный,размер,25ммх40см,,,,
97,"Ошейник ""Колибри"" кольцо посередине со стразами и жемчугом",7008,kaskad,"948,06",1425,амуниция\ошейники,,,цвет,черный,размер,25ммх45см,,,,
97,"Ошейник ""Колибри"" кольцо посередине со стразами и жемчугом",7008,kaskad,"948,06",1425,амуниция\ошейники,,,цвет,красный,размер,25ммх45см,,,,
98,"Ошейник ""Колибри"" перламутровый с украшением ""Косточки со стразами""",7095,kaskad,"165,6",250,амуниция\ошейники,,,цвет,белый ,размер,15ммх35см,,,,
98,"Ошейник ""Колибри"" перламутровый с украшением ""Косточки со стразами""",7094,kaskad,"165,6",250,амуниция\ошейники,,,цвет,голубой,размер,15ммх35см,,,,
98,"Ошейник ""Колибри"" перламутровый с украшением ""Косточки со стразами""",7093,kaskad,"165,6",250,амуниция\ошейники,,,цвет,розовый,размер,15ммх35см,,,,
99,"Ошейник ""Колибри"" с расширением с украшением ""Волна"" со стразами",00007123-02,kaskad,"289,8",435,амуниция\ошейники,,,цвет,красный,размер,23ммх35см,,,,
99,"Ошейник ""Колибри"" с расширением с украшением ""Волна"" со стразами",00007123-07,kaskad,"289,8",435,амуниция\ошейники,,,цвет,черный,размер,23ммх35см,,,,
99,"Ошейник ""Колибри"" с расширением с украшением ""Волна"" со стразами",7085,kaskad,"366,39",550,амуниция\ошейники,,,цвет,черный,размер,31ммх40см,,,,
99,"Ошейник ""Колибри"" с расширением с украшением ""Волна"" со стразами",7082,kaskad,"391,23",590,амуниция\ошейники,,,цвет,черный,размер,31ммх45см,,,,
100,"Ошейник ""Колибри"" с расширением с украшением ""Скоробей"" со стразами",00007122-12,kaskad,"289,8",435,амуниция\ошейники,,,цвет,розовый,размер,23ммх35см,,,,
100,"Ошейник ""Колибри"" с расширением с украшением ""Скоробей"" со стразами",7041,kaskad,"366,39",550,амуниция\ошейники,,,цвет,розовый,размер,31ммх40см,,,,
101,"Ошейник ""Колибри"" с украшением ""Корона из страз"" ",7102,kaskad,"310,5",470,амуниция\ошейники,,,цвет,красный,размер,10ммх30см,,,,
101,"Ошейник ""Колибри"" с украшением ""Корона из страз"" ",7101,kaskad,"310,5",470,амуниция\ошейники,,,цвет,розовый,размер,10ммх30см,,,,
101,"Ошейник ""Колибри"" с украшением ""Корона из страз"" ",7103,kaskad,"310,5",470,амуниция\ошейники,,,цвет,черный,размер,10ммх30см,,,,
102,"Ошейник ""Колибри"" с украшением ""Косточки"" со стразами",7030,kaskad,"269,1",405,амуниция\ошейники,,,цвет,красный,размер, 20ммх40см,,,,
102,"Ошейник ""Колибри"" с украшением ""Косточки"" со стразами",7031,kaskad,"269,1",405,амуниция\ошейники,,,цвет,черный,размер, 20ммх40см,,,,
102,"Ошейник ""Колибри"" с украшением ""Косточки"" со стразами",7032,kaskad,"333,27",500,амуниция\ошейники,,,цвет,черный,размер,25ммх50см,,,,
103,"Ошейник ""Колибри"" с украшением ""Сердечко"" со стразами",7063,kaskad,"231,84",350,амуниция\ошейники,,,цвет,голубой,размер,8ммх28см,,,,
103,"Ошейник ""Колибри"" с украшением ""Сердечко"" со стразами",7064,kaskad,"231,84",350,амуниция\ошейники,,,цвет,розовый,размер,8ммх28см,,,,
104,"Ошейник ""Колибри"" с украшением ""Сердце"" из страз",7052,kaskad,"184,23",280,амуниция\ошейники,,,цвет,красный,размер,15ммх35см,,,,
104,"Ошейник ""Колибри"" с украшением ""Сердце"" из страз",7054,kaskad,"184,23",280,амуниция\ошейники,,,цвет,черный,размер,15ммх35см,,,,
105,"Ошейник ""Колибри"" с украшением из букв ""BABY"" ",00007018-02,kaskad,"376,74",570,амуниция\ошейники,,,цвет,красный,размер,20ммх45см,,,,
105,"Ошейник ""Колибри"" с украшением из букв ""BABY"" ",00007018-07,kaskad,"376,74",570,амуниция\ошейники,,,цвет,черный,размер,20ммх45см,,,,
106,"Ошейник ""Колибри"" с украшением из букв ""LOVE"" ",00007017-02,kaskad,"376,74",570,амуниция\ошейники,,,цвет,красный,размер,20ммх40см,,,,
106,"Ошейник ""Колибри"" с украшением из букв ""LOVE"" ",00007017-07,kaskad,"376,74",570,амуниция\ошейники,,,цвет,черный,размер,20ммх40см,,,,
106,"Ошейник ""Колибри"" с украшением из букв ""LOVE"" ",00007121-02,kaskad,"376,74",570,амуниция\ошейники,,,цвет,красный,размер,20ммх45см,,,,
106,"Ошейник ""Колибри"" с украшением из букв ""LOVE"" ",00007121-07,kaskad,"376,74",570,амуниция\ошейники,,,цвет,черный,размер,20ммх45см,,,,
107,"Ошейник ""Колибри"" с украшениями ""Собака со стразами""",7079,kaskad,"434,7",655,амуниция\ошейники,,,цвет,коричневый,размер,25ммх50см,,,,
107,"Ошейник ""Колибри"" с украшениями ""Собака со стразами""",7081,kaskad,414,625,амуниция\ошейники,,,цвет,черный,размер,25ммх50см,,,,
108,"Ошейник ""Колибри"" со стразами с украшением ""Сердце"" со стразами",7056,kaskad,"169,74",255,амуниция\ошейники,,,цвет,красный,размер,15мм*35см,,,,
108,"Ошейник ""Колибри"" со стразами с украшением ""Сердце"" со стразами",7084,kaskad,"169,74",255,амуниция\ошейники,,,цвет,розовый,размер,15мм*35см,,,,
108,"Ошейник ""Колибри"" со стразами с украшением ""Сердце"" со стразами",7055,kaskad,"169,74",255,амуниция\ошейники,,,цвет,черный,размер,15мм*35см,,,,
109,"Ошейник ""Колибри"" бархатный кольцо посередине со стразами и жемчугом",00007000-02,kaskad,"471,96",710,амуниция\ошейники,,,цвет,красный,размер,16мм х 30см,,,,
109,"Ошейник ""Колибри"" бархатный кольцо посередине со стразами и жемчугом",00007000-07,kaskad,"471,96",710,амуниция\ошейники,,,цвет,черный,размер,16мм х 30см,,,,
109,"Ошейник ""Колибри"" бархатный кольцо посередине со стразами и жемчугом",00007001-02,kaskad,"471,96",710,амуниция\ошейники,,,цвет,красный,размер,16ммх36см ,,,,
109,"Ошейник ""Колибри"" бархатный кольцо посередине со стразами и жемчугом",00007001-07,kaskad,"471,96",710,амуниция\ошейники,,,цвет,черный,размер,16ммх36см ,,,,
110,"Ошейник ""Колибри"" бархатный с украшением ""Лента из страз"" ",7096,kaskad,"778,32",1170,амуниция\ошейники,,,цвет,черный,размер,15ммх35см ,,,,
111,"Поводок ""Колибри"" лаковый",1307109,kaskad,"279,45",420,амуниция\ошейники,,,цвет,вишневый,размер,15ммх120см,,,,
112,"Поводок ""Колибри""лаковый с золотым карабином ",1307122,kaskad,"337,41",510,амуниция\ошейники,,,цвет,коричневый,размер,15ммх120см,,,,
113,"Поводок ""Колибри"" с украшением ""Лапка"" ",1307107,kaskad,"260,82",395,амуниция\ошейники,,,цвет,голубой,размер,15ммх120см,,,,
113,"Поводок ""Колибри"" с украшением ""Лапка"" ",1307114,kaskad,"302,22",455,амуниция\ошейники,,,цвет,коричневый,размер,15ммх120см,,,,
113,"Поводок ""Колибри"" с украшением ""Лапка"" ",1307108,kaskad,"260,82",395,амуниция\ошейники,,,цвет,розовый,размер,15ммх120см,,,,
113,"Поводок ""Колибри"" с украшением ""Лапка"" ",1307107,kaskad,"260,82",395,амуниция\ошейники,,,цвет,синий,размер,15ммх120см,,,,
114,"Поводок ""Колибри"" с украшением ""Косточка"" со стразами",1307106,kaskad,"302,22",455,амуниция\ошейники,,,цвет,зеленый,размер,15ммх120см,,,,
115,"Поводок ""Колибри"" с украшением ""Сердечко"" со стразами",1307121,kaskad,"271,17",410,амуниция\ошейники,,,цвет,голубой,размер,15ммх120см,,,,
115,"Поводок ""Колибри"" с украшением ""Сердечко"" со стразами",1307120,kaskad,"271,17",410,амуниция\ошейники,,,цвет,розовый,размер,15ммх120см,,,,
116,"Поводок ""Колибри"" со стразами и жемчугом",1307104,kaskad,"320,85",485,амуниция\ошейники,,,цвет,красный,размер,15ммх120см,,,,
116,"Поводок ""Колибри"" со стразами и жемчугом",1307103,kaskad,"320,85",485,амуниция\ошейники,,,цвет,черный,размер,15ммх120см,,,,
116,"Поводок ""Колибри"" со стразами и жемчугом",1307101,kaskad,"409,86",615,амуниция\ошейники,,,цвет,красный,размер,20ммх120см,,,,
116,"Поводок ""Колибри"" со стразами и жемчугом",1307102,kaskad,"482,31",725,амуниция\ошейники,,,цвет,черный,размер,20ммх120см,,,,
117,"Шлейка ""Колибри""  со стразами ",8003,kaskad,"372,6",560,амуниция\шлейка,,,грудь,21-26 см,обхват шей,20см,ширина,10 мм,цвет,розовый
117,"Шлейка ""Колибри""  со стразами ",8004,kaskad,"548,55",825,амуниция\шлейка,,,грудь,26-31 см,обхват шей,26 см,ширина, 15мм,цвет,черный
118,"Шлейка ""Колибри"" с крупными стразами ",8001,kaskad,"631,35",950,амуниция\шлейка,,,грудь, 21-25 см,обхват шей,15-20см,ширина,10 мм,цвет,розовый
118,"Шлейка ""Колибри"" с крупными стразами ",8002,kaskad,"714,15",1075,амуниция\шлейка,,,грудь,25-31 см,обхват шей,18-24 см ,ширина, 15мм,цвет,розовый
119,"Брелок ""Колибри"" на ошейник со стразами ""Два сердца""",48302296,kaskad,"76,59",120,украшения,,,,,,,,,,
120,"Брелок ""Колибри"" на ошейник со стразами ""Сердце в сердце""",48302297,kaskad,"91,08",150,украшения,,,,,,,,,,
121,"Украшение ""Колибри"" на цепочке со стразами ""Кошка""",48302300,kaskad,"447,12",675,украшения,,,,,,,,,,
122,"Украшение ""Колибри"" на цепочке со стразами ""Пудель""",48302304,kaskad,"511,29",770,украшения,,,,,,,,,,
123,"Украшение ""Колибри"" на цепочке со стразами ""Собака в оправе""",48302303,kaskad,"447,12",675,украшения,,,,,,,,,,
124,"Украшение ""Колибри"" на цепочке со стразами ""Собака""",48302302,kaskad,"614,79",925,украшения,,,,,,,,,,
125,"Украшение ""Колибри"" на цепочке со стразами ""Собачка""",48302301,kaskad,"273,24",410,украшения,,,,,,,,,,
126,Ошейник кожаный двойной ,12101,kaskad,"49,78",80,амуниция\кожа,,,ширина,12 мм,обхват шей,20 до 24 см,,,,
126,Ошейник кожаный двойной ,12102,kaskad,"49,78",80,амуниция\кожа,,,ширина,12 мм,обхват шей,24 до 28 см,,,,
126,Ошейник кожаный двойной ,25013,kaskad,"164,4",250,амуниция\кожа,,,ширина,25 мм,обхват шей,39 до 46 см.,,,,
126,Ошейник кожаный двойной ,25017,kaskad,"164,4",250,амуниция\кожа,,,ширина,25 мм,обхват шей,43 до 51 см,,,,
126,Ошейник кожаный двойной ,30013,kaskad,"213,1",320,амуниция\кожа,,,ширина, 30 мм,обхват шей, 44 до 53 см,,,,
126,Ошейник кожаный двойной ,30017,kaskad,"213,1",320,амуниция\кожа,,,ширина, 30 мм,обхват шей,49 до 58 см,,,,
126,Ошейник кожаный двойной ,35013,kaskad,"262,12",395,амуниция\кожа,,,ширина,35 мм,обхват шей,50 до 59 см,,,,
126,Ошейник кожаный двойной ,35017,kaskad,"262,12",395,амуниция\кожа,,,ширина,35 мм,обхват шей,55 до 64 см.,,,,
126,Ошейник кожаный двойной ,45011,kaskad,"386,1",580,амуниция\кожа,,,ширина,45 мм,обхват шей,57 до 66 см.,,,,
126,Ошейник кожаный двойной ,45014,kaskad,"386,1",580,амуниция\кожа,,,ширина,45 мм,обхват шей,63 до 72 см,,,,
127,Ошейник кожаный с синтепоном ,12003,kaskad,"37,12",60,амуниция\кожа,,,ширина,12 мм,обхват шей,20 до 24 см,,,,
127,Ошейник кожаный с синтепоном ,12004,kaskad,"37,12",60,амуниция\кожа,,,ширина,12 мм,обхват шей,24 до 28 см.,,,,
127,Ошейник кожаный с синтепоном ,15012,kaskad,"48,32",75,амуниция\кожа,,,ширина,15 мм,обхват шей, 21 до 27 см,,,,
127,Ошейник кожаный с синтепоном ,315012,kaskad,"48,32",75,амуниция\кожа,,,ширина,15 мм,обхват шей,24 до 32 см,,,,
127,Ошейник кожаный с синтепоном ,20012,kaskad,"66,53",100,амуниция\кожа,,,ширина,20 мм,обхват шей,27 до 35 см,,,,
127,Ошейник кожаный с синтепоном ,320012,kaskad,"66,53",100,амуниция\кожа,,,ширина,20 мм,обхват шей, 32 до 40 см,,,,
127,Ошейник кожаный с синтепоном ,25012,kaskad,"104,1",160,амуниция\кожа,,,ширина, 25 мм,обхват шей, 39 до 46 см,,,,
127,Ошейник кожаный с синтепоном ,325012,kaskad,"104,1",160,амуниция\кожа,,,ширина, 25 мм,обхват шей,39 до 51 см,,,,
127,Ошейник кожаный с синтепоном ,30012,kaskad,"130,76",200,амуниция\кожа,,,ширина,30 мм,обхват шей, 44 до 53 см,,,,
127,Ошейник кожаный с синтепоном ,30016,kaskad,"130,76",200,амуниция\кожа,,,ширина,30 мм,обхват шей, 49 до 58 см,,,,
127,Ошейник кожаный с синтепоном ,35012,kaskad,"162,14",245,амуниция\кожа,,,ширина,35 мм,обхват шей,50 до 59 см,,,,
127,Ошейник кожаный с синтепоном ,335012,kaskad,"162,14",245,амуниция\кожа,,,ширина,35 мм,обхват шей,50 до 64 см,,,,
128,Ошейник кожаный,12001,kaskad,"34,96",55,амуниция\кожа,,,ширина,12 мм,обхват шей,20 до 24 см,,,,
128,Ошейник кожаный,12002,kaskad,"34,96",55,амуниция\кожа,,,ширина,12 мм,обхват шей,24 до 28 см.,,,,
128,Ошейник кожаный,15011,kaskad,"51,58",78,амуниция\кожа,,,ширина,15 мм,обхват шей, 21 до 27 см,,,,
128,Ошейник кожаный,315011,kaskad,"51,58",78,амуниция\кожа,,,ширина,15 мм,обхват шей,24 до 32 см,,,,
128,Ошейник кожаный,20011,kaskad,"62,24",95,амуниция\кожа,,,ширина,20 мм,обхват шей,27 до 35 см,,,,
128,Ошейник кожаный,320011,kaskad,"62,24",95,амуниция\кожа,,,ширина,20 мм,обхват шей, 32 до 40 см,,,,
128,Ошейник кожаный,25011,kaskad,"100,08",155,амуниция\кожа,,,ширина, 25 мм,обхват шей, 39 до 46 см,,,,
128,Ошейник кожаный,325015,kaskad,"100,08",155,амуниция\кожа,,,ширина, 25 мм,обхват шей,39 до 51 см,,,,
128,Ошейник кожаный,30011,kaskad,"127,6",195,амуниция\кожа,,,ширина,30 мм,обхват шей, 44 до 53 см,,,,
128,Ошейник кожаный,30015,kaskad,"127,6",195,амуниция\кожа,,,ширина,30 мм,обхват шей, 49 до 58 см,,,,
128,Ошейник кожаный,35011,kaskad,"158,22",240,амуниция\кожа,,,ширина,35 мм,обхват шей,50 до 59 см,,,,
128,Ошейник кожаный,335015,kaskad,"158,22",240,амуниция\кожа,,,ширина,35 мм,обхват шей,55 до 64 см,,,,
129,Ошейник кожаный двойной с кольцом посередине ,20031,kaskad,"94,42",145,амуниция\кожа,,,ширина,20 мм,обхват шей,27 до 35,,,,
129,Ошейник кожаный двойной с кольцом посередине ,20032,kaskad,"94,42",145,амуниция\кожа,,,ширина,20 мм,обхват шей, 31 до 39,,,,
129,Ошейник кожаный двойной с кольцом посередине ,25031,kaskad,"180,9",275,амуниция\кожа,,,ширина, 25 мм,обхват шей,39 до 46,,,,
129,Ошейник кожаный двойной с кольцом посередине ,25033,kaskad,"180,9",275,амуниция\кожа,,,ширина, 25 мм,обхват шей,43 до 51,,,,
129,Ошейник кожаный двойной с кольцом посередине ,30031,kaskad,"234,74",355,амуниция\кожа,,,ширина,30 мм,обхват шей, 44 до 53,,,,
129,Ошейник кожаный двойной с кольцом посередине ,30033,kaskad,"234,74",355,амуниция\кожа,,,ширина,30 мм,обхват шей,49 до 58,,,,
129,Ошейник кожаный двойной с кольцом посередине ,35031,kaskad,"287,06",435,амуниция\кожа,,,ширина,35 мм,обхват шей,50 до 59,,,,
129,Ошейник кожаный двойной с кольцом посередине ,35033,kaskad,"287,06",435,амуниция\кожа,,,ширина,35 мм,обхват шей,55 до 64,,,,
129,Ошейник кожаный двойной с кольцом посередине ,45031,kaskad,"415,3",625,амуниция\кожа,,,ширина,40 мм,обхват шей,57 до 66,,,,
129,Ошейник кожаный двойной с кольцом посередине ,45034,kaskad,"415,3",625,амуниция\кожа,,,ширина,40мм,обхват шей,63 до 72,,,,
130,Ошейник кожаный с кольцом посередине ,12005,kaskad,"39,02",60,амуниция\кожа,,,ширина,12 мм,обхват шей,20 до 24 см,,,,
130,Ошейник кожаный с кольцом посередине ,12006,kaskad,"39,02",60,амуниция\кожа,,,ширина,12 мм,обхват шей,24 до 28 см,,,,
131,Ошейник кожаный двойной с кольцом перед пряжкой,20051,kaskad,"96,86",146,амуниция\кожа,,,ширина,20 мм,обхват шей,27 до 35 см,,,,
131,Ошейник кожаный двойной с кольцом перед пряжкой,20052,kaskad,"96,86",146,амуниция\кожа,,,ширина,20 мм,обхват шей,31 до 39 см,,,,
131,Ошейник кожаный двойной с кольцом перед пряжкой,25051,kaskad,"175,5",265,амуниция\кожа,,,ширина, 25 мм,обхват шей,39 до 46 см,,,,
131,Ошейник кожаный двойной с кольцом перед пряжкой,25053,kaskad,"175,5",265,амуниция\кожа,,,ширина, 25 мм,обхват шей,43 до 51 см,,,,
131,Ошейник кожаный двойной с кольцом перед пряжкой,30051,kaskad,"224,9",340,амуниция\кожа,,,ширина,30 мм,обхват шей,44 до 53 см,,,,
131,Ошейник кожаный двойной с кольцом перед пряжкой,30053,kaskad,"224,9",340,амуниция\кожа,,,ширина,30 мм,обхват шей, 49 до 58 см,,,,
131,Ошейник кожаный двойной с кольцом перед пряжкой,35051,kaskad,"280,74",425,амуниция\кожа,,,ширина,35 мм,обхват шей,50 до 59 см,,,,
131,Ошейник кожаный двойной с кольцом перед пряжкой,35053,kaskad,"280,74",425,амуниция\кожа,,,ширина,35 мм,обхват шей, 55 до 64 см,,,,
131,Ошейник кожаный двойной с кольцом перед пряжкой,45051,kaskad,"411,06",620,амуниция\кожа,,,ширина,45 мм,обхват шей,57 до 66 см,,,,
131,Ошейник кожаный двойной с кольцом перед пряжкой,45054,kaskad,"411,06",620,амуниция\кожа,,,ширина,45 мм,обхват шей,63 до 72 см,,,,
132,Ошейник кожаный с накаткой и синтепоном ,25082,kaskad,"103,2",155,амуниция\кожа,,,ширина, 25 мм,обхват шей,39 до 46,,,,
132,Ошейник кожаный с накаткой и синтепоном ,325082,kaskad,"104,6",155,амуниция\кожа,,,ширина, 25 мм,обхват шей,39 до 51 ,,,,
132,Ошейник кожаный с накаткой и синтепоном ,30082,kaskad,"130,96",200,амуниция\кожа,,,ширина,30 мм,обхват шей,44 до 53,,,,
132,Ошейник кожаный с накаткой и синтепоном ,30085,kaskad,"130,96",200,амуниция\кожа,,,ширина,30 мм,обхват шей, 49 до 58,,,,
132,Ошейник кожаный с накаткой и синтепоном ,35082,kaskad,"166,38",170,амуниция\кожа,,,ширина,35 мм,обхват шей, 50 до 59,,,,
132,Ошейник кожаный с накаткой и синтепоном ,335082,kaskad,"166,38",170,амуниция\кожа,,,ширина,35 мм,обхват шей,50 до 64,,,,
133,Ошейник кожаный с накаткой,25081,kaskad,"99,14",150,амуниция\кожа,,,ширина, 25 мм,обхват шей,39 до 46,,,,
133,Ошейник кожаный с накаткой,325081,kaskad,"99,14",150,амуниция\кожа,,,ширина, 25 мм,обхват шей,39 до 51 ,,,,
133,Ошейник кожаный с накаткой,30081,kaskad,"127,6",195,амуниция\кожа,,,ширина,30 мм,обхват шей,44 до 53,,,,
133,Ошейник кожаный с накаткой,30084,kaskad,"127,6",195,амуниция\кожа,,,ширина,30 мм,обхват шей, 49 до 58,,,,
133,Ошейник кожаный с накаткой,35081,kaskad,"158,22",240,амуниция\кожа,,,ширина,35 мм,обхват шей, 50 до 59,,,,
133,Ошейник кожаный с накаткой,335081,kaskad,"158,22",240,амуниция\кожа,,,ширина,35 мм,обхват шей,50 до 64,,,,
134,"Ошейник кожаный с синтепоном, с тесьмой",20303,kaskad,"75,6",115,амуниция\кожа,,,ширина,20 мм,обхват шей,27 до 35 см,,,,
134,"Ошейник кожаный с синтепоном, с тесьмой",320303,kaskad,"75,6",115,амуниция\кожа,,,ширина,20 мм,обхват шей,32 до 40 см,,,,
134,"Ошейник кожаный с синтепоном, с тесьмой",25303,kaskad,"126,56",195,амуниция\кожа,,,ширина, 25 мм,обхват шей,39 до 46 см,,,,
134,"Ошейник кожаный с синтепоном, с тесьмой",325303,kaskad,"126,56",195,амуниция\кожа,,,ширина, 25 мм,обхват шей,39 до 51 см,,,,
134,"Ошейник кожаный с синтепоном, с тесьмой",30303,kaskad,"143,78",220,амуниция\кожа,,,ширина,30 мм,обхват шей,44 до 53 см,,,,
134,"Ошейник кожаный с синтепоном, с тесьмой",30304,kaskad,"143,78",220,амуниция\кожа,,,ширина,30 мм,обхват шей,49 до 58 см,,,,
134,"Ошейник кожаный с синтепоном, с тесьмой",35303,kaskad,"182,76",275,амуниция\кожа,,,ширина,35 мм,обхват шей,50 до 59 см,,,,
134,"Ошейник кожаный с синтепоном, с тесьмой",335303,kaskad,"182,76",275,амуниция\кожа,,,ширина,35 мм,обхват шей,50 до 64 см,,,,
135,Ошейник кожаный с тесьмой,12007,kaskad,"42,1",65,амуниция\кожа,,,ширина,12 мм,обхват шей,20 до 24 см,,,,
135,Ошейник кожаный с тесьмой,12008,kaskad,"42,1",65,амуниция\кожа,,,ширина,12 мм,обхват шей,24 до 28 см,,,,
135,Ошейник кожаный с тесьмой,20301,kaskad,"69,88",105,амуниция\кожа,,,ширина,20 мм,обхват шей, 27 до 35 см,,,,
135,Ошейник кожаный с тесьмой,320301,kaskad,"69,88",105,амуниция\кожа,,,ширина,20 мм,обхват шей,32 до 40 см,,,,
135,Ошейник кожаный с тесьмой,25301,kaskad,"115,85",175,амуниция\кожа,,,ширина, 25 мм,обхват шей,39 до 46 см,,,,
135,Ошейник кожаный с тесьмой,325301,kaskad,"115,85",175,амуниция\кожа,,,ширина, 25 мм,обхват шей,39 до 51 см,,,,
135,Ошейник кожаный с тесьмой,30301,kaskad,"144,26",220,амуниция\кожа,,,ширина,30 мм,обхват шей,44 до 53 см,,,,
135,Ошейник кожаный с тесьмой,30302,kaskad,"144,26",220,амуниция\кожа,,,ширина,30 мм,обхват шей,49 до 58 см,,,,
135,Ошейник кожаный с тесьмой,35301,kaskad,"189,74",285,амуниция\кожа,,,ширина,35 мм,обхват шей,50 до 59 см,,,,
135,Ошейник кожаный с тесьмой,335301,kaskad,"189,74",285,амуниция\кожа,,,ширина,35 мм,обхват шей,50 до 64 см,,,,
136,Ошейник кожаный двойной с украшением,12103,kaskad,"82,67",125,амуниция\кожа,,,ширина,12 мм,обхват шей,20 до 24см,,,,
136,Ошейник кожаный двойной с украшением,12104,kaskad,"82,67",125,амуниция\кожа,,,ширина,12 мм,обхват шей,24 до 28см,,,,
136,Ошейник кожаный двойной с украшением,20022,kaskad,"109,1",165,амуниция\кожа,,,ширина,20 мм,обхват шей,27 до 35см,,,,
136,Ошейник кожаный двойной с украшением,320023,kaskad,"109,1",165,амуниция\кожа,,,ширина,20 мм,обхват шей,32 до 40см,,,,
136,Ошейник кожаный двойной с украшением,25022,kaskad,"185,3",280,амуниция\кожа,,,ширина, 25 мм,обхват шей,39 до 46см,,,,
136,Ошейник кожаный двойной с украшением,25025,kaskad,"185,3",280,амуниция\кожа,,,ширина, 25 мм,обхват шей, 43 до 51см,,,,
136,Ошейник кожаный двойной с украшением,30022,kaskad,"237,7",360,амуниция\кожа,,,ширина,30 мм,обхват шей,44 до 53см,,,,
136,Ошейник кожаный двойной с украшением,30025,kaskad,"237,7",360,амуниция\кожа,,,ширина,30 мм,обхват шей, 49 до 58см,,,,
136,Ошейник кожаный двойной с украшением,35022,kaskad,"301,06",455,амуниция\кожа,,,ширина,35 мм,обхват шей,50 до 59см,,,,
136,Ошейник кожаный двойной с украшением,35025,kaskad,"301,06",455,амуниция\кожа,,,ширина,35 мм,обхват шей,55 до 64см,,,,
136,Ошейник кожаный двойной с украшением,45021,kaskad,"426,28",640,амуниция\кожа,,,ширина,45 мм,обхват шей,57 до 66см,,,,
136,Ошейник кожаный двойной с украшением,45024,kaskad,"426,28",640,амуниция\кожа,,,ширина,45 мм,обхват шей,63 до 72см,,,,
137,Ошейник кожаный с украшением с синтепоном ,15021,kaskad,"62,2",95,амуниция\кожа,,,ширина,15 мм,обхват шей, 21 до 27см,,,,
137,Ошейник кожаный с украшением с синтепоном ,315021,kaskad,"62,2",95,амуниция\кожа,,,ширина,15 мм,обхват шей,24 до 32см,,,,
137,Ошейник кожаный с украшением с синтепоном ,20021,kaskad,"82,76",125,амуниция\кожа,,,ширина,20 мм,обхват шей,27 до 35см,,,,
137,Ошейник кожаный с украшением с синтепоном ,320021,kaskad,"82,76",125,амуниция\кожа,,,ширина,20 мм,обхват шей,32 до 40см,,,,
137,Ошейник кожаный с украшением с синтепоном ,25021,kaskad,"137,47",210,амуниция\кожа,,,ширина, 25 мм,обхват шей, 39 до 46см,,,,
137,Ошейник кожаный с украшением с синтепоном ,325021,kaskad,"137,47",210,амуниция\кожа,,,ширина, 25 мм,обхват шей, 39 до 51см,,,,
137,Ошейник кожаный с украшением с синтепоном ,30021,kaskad,"160,66",245,амуниция\кожа,,,ширина,30 мм,обхват шей, 44 до 53см,,,,
137,Ошейник кожаный с украшением с синтепоном ,30024,kaskad,"160,66",245,амуниция\кожа,,,ширина,30 мм,обхват шей,49 до 58см,,,,
137,Ошейник кожаный с украшением с синтепоном ,35021,kaskad,"201,9",305,амуниция\кожа,,,ширина,35 мм,обхват шей, 50 до 59см,,,,
137,Ошейник кожаный с украшением с синтепоном ,335021,kaskad,"201,9",305,амуниция\кожа,,,ширина,35 мм,обхват шей, 50 до 64см,,,,
138,"Ошейник кожаный двойной с украшением, кольцо посередине",20041,kaskad,"110,82",170,амуниция\кожа,,,ширина,20 мм,обхват шей, 27 до 35,,,,
138,"Ошейник кожаный двойной с украшением, кольцо посередине",20042,kaskad,"110,82",170,амуниция\кожа,,,ширина,20 мм,обхват шей,32 до 40см,,,,
138,"Ошейник кожаный двойной с украшением, кольцо посередине",25041,kaskad,"197,42",300,амуниция\кожа,,,ширина, 25 мм,обхват шей, 39 до 46см,,,,
138,"Ошейник кожаный двойной с украшением, кольцо посередине",25043,kaskad,"197,42",300,амуниция\кожа,,,ширина, 25 мм,обхват шей, 39 до 51см,,,,
138,"Ошейник кожаный двойной с украшением, кольцо посередине",30041,kaskad,"257,54",390,амуниция\кожа,,,ширина,30 мм,обхват шей, 44 до 53см,,,,
138,"Ошейник кожаный двойной с украшением, кольцо посередине",30043,kaskad,"257,54",390,амуниция\кожа,,,ширина,30 мм,обхват шей,49 до 58см,,,,
138,"Ошейник кожаный двойной с украшением, кольцо посередине",35041,kaskad,"318,76",480,амуниция\кожа,,,ширина,35 мм,обхват шей, 50 до 59см,,,,
138,"Ошейник кожаный двойной с украшением, кольцо посередине",35043,kaskad,"318,76",480,амуниция\кожа,,,ширина,35 мм,обхват шей, 50 до 64см,,,,
138,"Ошейник кожаный двойной с украшением, кольцо посередине",45041,kaskad,"450,3",680,амуниция\кожа,,,ширина,45 мм,обхват шей,57 до 66,,,,
138,"Ошейник кожаный двойной с украшением, кольцо посередине",45044,kaskad,"450,3",680,амуниция\кожа,,,ширина,45 мм,обхват шей,63 до 72,,,,
139,"Ошейник кожаный двойной с украшениями, кольцо перед пряжкой",20061,kaskad,"113,9",175,амуниция\кожа,,,ширина,20 мм,обхват шей, 27 до 35,,,,
139,"Ошейник кожаный двойной с украшениями, кольцо перед пряжкой",20062,kaskad,"113,9",175,амуниция\кожа,,,ширина,20 мм,обхват шей,32 до 40см,,,,
139,"Ошейник кожаный двойной с украшениями, кольцо перед пряжкой",25061,kaskad,"195,76",295,амуниция\кожа,,,ширина, 25 мм,обхват шей, 39 до 46см,,,,
139,"Ошейник кожаный двойной с украшениями, кольцо перед пряжкой",25063,kaskad,"195,76",295,амуниция\кожа,,,ширина, 25 мм,обхват шей, 39 до 51см,,,,
139,"Ошейник кожаный двойной с украшениями, кольцо перед пряжкой",30061,kaskad,"251,5",380,амуниция\кожа,,,ширина,30 мм,обхват шей, 44 до 53см,,,,
139,"Ошейник кожаный двойной с украшениями, кольцо перед пряжкой",30063,kaskad,"251,5",380,амуниция\кожа,,,ширина,30 мм,обхват шей,49 до 58см,,,,
139,"Ошейник кожаный двойной с украшениями, кольцо перед пряжкой",35061,kaskad,"318,5",480,амуниция\кожа,,,ширина,35 мм,обхват шей, 50 до 59см,,,,
139,"Ошейник кожаный двойной с украшениями, кольцо перед пряжкой",35063,kaskad,"318,5",480,амуниция\кожа,,,ширина,35 мм,обхват шей, 50 до 64см,,,,
139,"Ошейник кожаный двойной с украшениями, кольцо перед пряжкой",45061,kaskad,"451,06",680,амуниция\кожа,,,ширина,45 мм,обхват шей,57 до 66,,,,
139,"Ошейник кожаный двойной с украшениями, кольцо перед пряжкой",45064,kaskad,"451,06",680,амуниция\кожа,,,ширина,45 мм,обхват шей,63 до 72,,,,
140,Ошейник кожаный с косицей с синтепоном,25071,kaskad,"127,08",195,амуниция\кожа,,,ширина, 25 мм,обхват шей, 39 до 46 см,,,,
140,Ошейник кожаный с косицей с синтепоном,325073,kaskad,"127,08",195,амуниция\кожа,,,ширина, 25 мм,обхват шей, 39 до 51см,,,,
140,Ошейник кожаный с косицей с синтепоном,30071,kaskad,"167,82",255,амуниция\кожа,,,ширина,30 мм,обхват шей, 44 до 53см,,,,
140,Ошейник кожаный с косицей с синтепоном,30073,kaskad,"167,82",255,амуниция\кожа,,,ширина,30 мм,обхват шей,49 до 58см,,,,
140,Ошейник кожаный с косицей с синтепоном,35071,kaskad,"196,92",300,амуниция\кожа,,,ширина,35 мм,обхват шей, 50 до 59см,,,,
140,Ошейник кожаный с косицей с синтепоном,335073,kaskad,"196,92",300,амуниция\кожа,,,ширина,35 мм,обхват шей,50 до 64 см,,,,
141,Ошейник кожаный с косицей с синтепоном,25110,kaskad,"235,58",355,амуниция\кожа,,,ширина, 25 мм,обхват шей,39 - 46,,,,
141,Ошейник кожаный с косицей с синтепоном,25111,kaskad,"235,58",355,амуниция\кожа,,,ширина, 25 мм,обхват шей, 39 до 51см,,,,
141,Ошейник кожаный с косицей с синтепоном,30110,kaskad,"291,1",440,амуниция\кожа,,,ширина,30 мм,обхват шей, 44 до 53см,,,,
141,Ошейник кожаный с косицей с синтепоном,30111,kaskad,"291,1",440,амуниция\кожа,,,ширина,30 мм,обхват шей,49 до 58см,,,,
141,Ошейник кожаный с косицей с синтепоном,35110,kaskad,"362,86",545,амуниция\кожа,,,ширина,35 мм,обхват шей, 50 до 59см,,,,
141,Ошейник кожаный с косицей с синтепоном,35111,kaskad,"362,86",545,амуниция\кожа,,,ширина,35 мм,обхват шей, 50 до 64см,,,,
141,Ошейник кожаный с косицей с синтепоном,45110,kaskad,"574,6",865,амуниция\кожа,,,ширина,45 мм,обхват шей,57 до 66,,,,
141,Ошейник кожаный с косицей с синтепоном,45111,kaskad,"574,6",865,амуниция\кожа,,,ширина,45 мм,обхват шей,63 до 72,,,,
142,Ошейник кожаный двойной с шипами-ёж ,15114,kaskad,"89,42",135,амуниция\кожа,,,ширина,15 мм,обхват шей, 21-27см,,,,
142,Ошейник кожаный двойной с шипами-ёж ,15117,kaskad,"89,42",135,амуниция\кожа,,,ширина,15 мм,обхват шей,24-30см,,,,
142,Ошейник кожаный двойной с шипами-ёж ,20114,kaskad,"127,86",195,амуниция\кожа,,,ширина,20 мм,обхват шей,27-35см,,,,
142,Ошейник кожаный двойной с шипами-ёж ,20117,kaskad,"127,86",195,амуниция\кожа,,,ширина,20 мм,обхват шей, 31-39см,,,,
142,Ошейник кожаный двойной с шипами-ёж ,25114,kaskad,"209,02",315,амуниция\кожа,,,ширина, 25 мм,обхват шей,39 - 46,,,,
142,Ошейник кожаный двойной с шипами-ёж ,25117,kaskad,"209,02",315,амуниция\кожа,,,ширина, 25 мм,обхват шей, 39 до 51см,,,,
142,Ошейник кожаный двойной с шипами-ёж ,30114,kaskad,"277,73",420,амуниция\кожа,,,ширина,30 мм,обхват шей, 44 до 53см,,,,
142,Ошейник кожаный двойной с шипами-ёж ,30117,kaskad,"277,73",420,амуниция\кожа,,,ширина,30 мм,обхват шей,49 до 58см,,,,
142,Ошейник кожаный двойной с шипами-ёж ,35114,kaskad,"329,42",495,амуниция\кожа,,,ширина,35 мм,обхват шей, 50 до 59см,,,,
142,Ошейник кожаный двойной с шипами-ёж ,35117,kaskad,"329,42",495,амуниция\кожа,,,ширина,35 мм,обхват шей, 50 до 64см,,,,
142,Ошейник кожаный двойной с шипами-ёж ,45114,kaskad,"505,42",760,амуниция\кожа,,,ширина,45 мм,обхват шей,57 до 66,,,,
142,Ошейник кожаный двойной с шипами-ёж ,45117,kaskad,"505,52",760,амуниция\кожа,,,ширина,45 мм,обхват шей,63 до 72,,,,
143,Ошейник кожаный двойной со стразами ,12105,kaskad,"104,94",160,амуниция\кожа,,,ширина, 12мм ,обхват шей, 20-24см,,,,
143,Ошейник кожаный двойной со стразами ,12106,kaskad,"104,94",160,амуниция\кожа,,,ширина, 12мм ,обхват шей,24-28см,,,,
143,Ошейник кожаный двойной со стразами ,15020,kaskad,"118,94",180,амуниция\кожа,,,ширина,15 мм,обхват шей, 21-27см,,,,
143,Ошейник кожаный двойной со стразами ,15120,kaskad,"118,94",180,амуниция\кожа,,,ширина,15 мм,обхват шей,24-30см,,,,
143,Ошейник кожаный двойной со стразами ,20020,kaskad,"163,4",250,амуниция\кожа,,,ширина,20 мм,обхват шей,27-35см,,,,
143,Ошейник кожаный двойной со стразами ,20120,kaskad,"163,4",250,амуниция\кожа,,,ширина,20 мм,обхват шей, 31-39см,,,,
143,Ошейник кожаный двойной со стразами ,25020,kaskad,"284,76",430,амуниция\кожа,,,ширина, 25 мм,обхват шей,39 - 46,,,,
143,Ошейник кожаный двойной со стразами ,25120,kaskad,"284,76",430,амуниция\кожа,,,ширина, 25 мм,обхват шей, 39 до 51см,,,,
143,Ошейник кожаный двойной со стразами ,30020,kaskad,"374,32",565,амуниция\кожа,,,ширина,30 мм,обхват шей, 44 до 53см,,,,
143,Ошейник кожаный двойной со стразами ,30120,kaskad,"374,32",565,амуниция\кожа,,,ширина,30 мм,обхват шей,49 до 58см,,,,
143,Ошейник кожаный двойной со стразами ,35020,kaskad,"449,42",675,амуниция\кожа,,,ширина,35 мм,обхват шей, 50 до 59см,,,,
143,Ошейник кожаный двойной со стразами ,35120,kaskad,"449,42",675,амуниция\кожа,,,ширина,35 мм,обхват шей, 50 до 64см,,,,
143,Ошейник кожаный двойной со стразами ,45020,kaskad,"686,5",1030,амуниция\кожа,,,ширина,45 мм,обхват шей,57 до 66,,,,
143,Ошейник кожаный двойной со стразами ,45120,kaskad,"686,5",1030,амуниция\кожа,,,ширина,45 мм,обхват шей,63 до 72,,,,
144,Ошейник кожаный из звеньев,20081,kaskad,"91,94",140,амуниция\кожа,,,ширина,20 мм,обхват шей,27-35см,,,,
144,Ошейник кожаный из звеньев,20082,kaskad,"91,94",140,амуниция\кожа,,,ширина,20 мм,обхват шей, 31-39см,,,,
144,Ошейник кожаный из звеньев,25101,kaskad,"130,46",200,амуниция\кожа,,,ширина, 25 мм,обхват шей,39 - 46,,,,
144,Ошейник кожаный из звеньев,25102,kaskad,"130,46",200,амуниция\кожа,,,ширина, 25 мм,обхват шей,43 до 51 см,,,,
145,Ошейник кожаный щенячий ,315071,kaskad,"50,9",80,амуниция\кожа,,,ширина,15 мм,обхват шей,24-30см,,,,
145,Ошейник кожаный щенячий ,320071,kaskad,"67,98",105,амуниция\кожа,,,ширина,20 мм,обхват шей,32 до 40 см,,,,
145,Ошейник кожаный щенячий ,325091,kaskad,"104,7",160,амуниция\кожа,,,ширина, 25 мм,обхват шей,39 до 51 см,,,,
145,Ошейник кожаный щенячий ,335091,kaskad,"155,82",235,амуниция\кожа,,,ширина,35 мм,обхват шей,36-64 см,,,,
146,Ошейник кожаный мягкий д/собак и кошек с бубенчиком,10026,kaskad,"35,03",55,амуниция\кожа,,,ширина, 10мм,обхват шей,20-25см,,,,
146,Ошейник кожаный мягкий д/собак и кошек с бубенчиком,10025,kaskad,"28,59",45,амуниция\кожа,,,ширина, 10мм,обхват шей,20-25см,,,,
147,Ошейник кожаный с украшен. на синтепоне с бубенчиками ,00010027-04,kaskad,"89,01",135,амуниция\кожа,,,ширина, 10мм,обхват шей,28см,цвет,желтый,,
147,Ошейник кожаный с украшен. на синтепоне с бубенчиками ,00010027-05,kaskad,"89,01",135,амуниция\кожа,,,ширина, 10мм,обхват шей,28см,цвет,зеленый,,
147,Ошейник кожаный с украшен. на синтепоне с бубенчиками ,00010027-12,kaskad,"89,01",135,амуниция\кожа,,,ширина, 10мм,обхват шей,28см,цвет,розовый,,
147,Ошейник кожаный с украшен. на синтепоне с бубенчиками ,00010027-07,kaskad,"89,01",135,амуниция\кожа,,,ширина, 10мм,обхват шей,28см,цвет,черный,,
148,Ошейник кожаный д/борзой ,12,kaskad,"448,68",675,амуниция\кожа,,,обхват шей, 35-43 см,,,,,,
148,Ошейник кожаный д/борзой ,11,kaskad,"448,68",675,амуниция\кожа,,,обхват шей,44-52 см,,,,,,
149,Ошейник кожаный д/левретки таксы  с синтепоном,34,kaskad,"66,6",100,амуниция\кожа,,,обхват шей, 25-32,,,,,,
149,Ошейник кожаный д/левретки таксы  с синтепоном,24,kaskad,"99,6",150,амуниция\кожа,,,обхват шей,32-41,,,,,,
150,Ошейник кожаный д/левретки таксы двойной,31,kaskad,"92,2",140,амуниция\кожа,,,обхват шей,25-32,,,,,,
150,Ошейник кожаный д/левретки таксы двойной,21,kaskad,"135,52",205,амуниция\кожа,,,обхват шей,32-41,,,,,,
151,Ошейник кожаный д/левретки таксы прошитый двойной(спилок) ,33,kaskad,"103,17",155,амуниция\кожа,,,обхват шей,25-32,,,,,,
151,Ошейник кожаный д/левретки таксы прошитый двойной(спилок) ,23,kaskad,"145,62",220,амуниция\кожа,,,обхват шей,32-41,,,,,,
152,Ошейник кожаный д/левретки таксы прошитый с синтепоном,36,kaskad,"76,2",115,амуниция\кожа,,,обхват шей,25-32,,,,,,
152,Ошейник кожаный д/левретки таксы прошитый с синтепоном,26,kaskad,"112,25",170,амуниция\кожа,,,обхват шей,32-41,,,,,,
153,Ошейник кожаный д/левретки таксы с украшением двойной (спилок) ,32,kaskad,"107,17",165,амуниция\кожа,,,обхват шей,25-32,,,,,,
153,Ошейник кожаный д/левретки таксы с украшением двойной (спилок) ,22,kaskad,"168,38",255,амуниция\кожа,,,обхват шей,32-41,,,,,,
154,Ошейник кожаный д/левретки таксы с украшением с синтепоном,35,kaskad,"78,89",120,амуниция\кожа,,,обхват шей,25-32,,,,,,
154,Ошейник кожаный д/левретки таксы с украшением с синтепоном,25,kaskad,"135,56",205,амуниция\кожа,,,обхват шей,32-41,,,,,,
155,Ошейник кожаный двойной с круглой водилкой,45118,kaskad,"1 134,64 ",1705,амуниция\кожа,,,ширина,45 мм,обхват шей,55-67см,ручка,Ø 14мм,,
156,Ошейник с грузами 7шт съемными кожаный двойной (спил),45081,kaskad,"1 515,65 ",2275,амуниция\кожа,,,ширина,45 мм,обхват шей, 45 - 65см,,,,
157,Ошейник с грузами 7шт съемными кожаный двойной ,50081,kaskad,"1 564,94 ",2350,амуниция\кожа,,,ширина,50 мм,обхват шей, 46 - 65см,,,,
158,Ошейник с грузами 9шт съемными кожаный двойной (спил),45082,kaskad,"1 832,48 ",2750,амуниция\кожа,,,ширина,45 мм,обхват шей, 50 - 70,,,,
159,Ошейник с грузами 9шт съемными кожаный двойной,50071,kaskad,"1 918,01 ",2880,амуниция\кожа,,,ширина,50 мм,обхват шей, 50 - 70,,,,
160,Полуудавка кожаная  ,1021,kaskad,"73,71",115,амуниция\кожа,,,ширина,12 мм,обхват шей,39 до 51 см,,,,
160,Полуудавка кожаная ,1011,kaskad,"108,99",165,амуниция\кожа,,,ширина,18 мм,обхват шей,48 до 62 см,,,,
161,Когтерез-гильотина в пакете,1005,petline,"127,70",195,груминг\когтерезы,,,,,,,,,,
162,Когтерез-гильотина с покрытием ПВХ в пакете,1004,petline,"146,73",225,груминг\когтерезы,,,,,,,,,,
163,Когтерез-ножницы малый загнутый для кошек в пакете,2003,petline,"136,54",205,груминг\когтерезы,,,,,,,,,,
164,Когтерез-секатор средний в пакете со стопором ,2005,petline,"164,51",250,груминг\когтерезы,,,,,,,,,,
165,Когтерез-ножницы большой,1901,petline,"214,30",325,груминг\когтерезы,,,,,,,,,,
166,Когтерез-ножницы прямой,1908,petline,"240,28",365,груминг\когтерезы,,,,,,,,,,
167,Когтерез-ножницы загнутый,1909,petline,"246,12",370,груминг\когтерезы,,,,,,,,,,
168,Когтерез-ножницы малый загнутый ,1902,petline,"163,65",250,груминг\когтерезы,,,,,,,,,,
169,Когтерез-ножницы малый прямой ,1903,petline,"145,47",220,груминг\когтерезы,,,,,,,,,,
170,Когтерез-ножницы малый ,1904,petline,"175,99",265,груминг\когтерезы,,,,,,,,,,
171,Когтерез-гильотина с малым отверстием,1711,petline,"175,93",265,груминг\когтерезы,,,,,,,,,,
172,Когтерез-гильотина с большым отверстием,1712,petline,"175,93",265,груминг\когтерезы,,,,,,,,,,
173,Когтерез-гильотина малое отверстие черный с цветным покрытием ПВХ,17114P,petline,"206,51",310,груминг\когтерезы,,,,,,,,,,
174,Когтерез-гильотина большое отверстие черный с цветным покрытием ПВХ,17124P,petline,"206,51",310,груминг\когтерезы,,,,,,,,,,
175,Когтерез-гильотина с малым отверстием и лапками,1781,petline,"238,33",360,груминг\когтерезы,,,,,,,,,,
176,Когтерез-секатор со стопором,20112S,petline,"284,44",430,груминг\когтерезы,,,размер,S,,,,,,
176,Когтерез-секатор со стопором,20112L,petline,"363,66",550,груминг\когтерезы,,,размер,L,,,,,,
177,Когтерез-секатор,20141S,petline,"217,55",330,груминг\когтерезы,,,размер,S,,,,,,
177,Когтерез-секатор,20141L,petline,"295,48",445,груминг\когтерезы,,,размер,L,,,,,,
178,Когтерез-секатор средний со стопором,20175,petline,"214,65",325,груминг\когтерезы,,,,,,,,,,
179,"Колтунорез ""капля"" с одним лезвием карманный ",23200,petline,"146,76",225,груминг\колтунорез,,,,,,,,,,
180,"Колтунорез боковой ""мини""  загнут",2308208N,petline,"307,17",465,груминг\колтунорез,,,лезвий,8,,,,,,
180,"Колтунорез боковой ""мини""  загнут",2308211N,petline,"340,94",515,груминг\колтунорез,,,лезвий,11,,,,,,
181,"Колтунорез боковой ""мини"" загнут (чёрная ручка)",2316208N,petline,"258,46",390,груминг\колтунорез,,,лезвий,8,,,,,,
181,"Колтунорез боковой ""мини"" загнут (чёрная ручка)",2316211N,petline,"290,93",440,груминг\колтунорез,,,лезвий,11,,,,,,
182,"Колтунорез боковой ""мини""  прямой",2308108N,petline,"298,72",450,груминг\колтунорез,,,лезвий,8,,,,,,
182,"Колтунорез боковой ""мини""  прямой",2308111N,petline,"331,19",500,груминг\колтунорез,,,лезвий,11,,,,,,
183,"Колтунорез боковой ""мини"" прямой (чёрная ручка) ",2316108N,petline,"229,24",345,груминг\колтунорез,,,лезвий,8,,,,,,
183,"Колтунорез боковой ""мини"" прямой (чёрная ручка) ",2316111N,petline,"276,64",415,груминг\колтунорез,,,лезвий,11,,,,,,
184,Колтунорез боковой,23809L,petline,"321,45",485,груминг\колтунорез,,,лезвий,9,,,,,,
184,Колтунорез боковой,23812L,petline,"379,25",570,груминг\колтунорез,,,лезвий,12,,,,,,
185,Колтунорез вертикальный щадящий,238011,petline,"411,07",620,груминг\колтунорез,,,,,,,,,,
186,Колтунорез вертикальный щадящий с грязесборщиками,238012,petline,"362,37",545,груминг\колтунорез,,,,,,,,,,
187,Колтунорез грабли,23810Y,petline,"363,66",550,груминг\колтунорез,,,лезвий,10,,,,,,
187,Колтунорез грабли,23812Y,petline,"388,34",585,груминг\колтунорез,,,лезвий,12,,,,,,
188,Ножницы проф. парикмахерские + чехол,68165,petline,"3 818,47 ",5730,груминг\ножницы,,,размер,"6,5 """,,,,,,
188,Ножницы проф. парикмахерские + чехол,68170,petline,"4 218,50 ",6330,груминг\ножницы,,,размер,"7""",,,,,,
188,Ножницы проф. парикмахерские + чехол,68180,petline,"4 973,11 ",7460,груминг\ножницы,,,размер,"8""",,,,,,
189,Ножницы проф. парикмахерские изогнутые со съёмными упорами под палец + чехол ,68260,petline,"3 063,87 ",4600,груминг\ножницы,,,размер,"6""",,,,,,
189,Ножницы проф. парикмахерские изогнутые со съёмными упорами под палец + чехол ,68265,petline,"3 063,87 ",4600,груминг\ножницы,,,размер,"6,5 """,,,,,,
189,Ножницы проф. парикмахерские изогнутые со съёмными упорами под палец + чехол ,68270,petline,"3 463,25 ",5195,груминг\ножницы,,,размер,"7""",,,,,,
189,Ножницы проф. парикмахерские изогнутые со съёмными упорами под палец + чехол ,68275,petline,"3 818,47 ",5730,груминг\ножницы,,,размер,"7,5""",,,,,,
190,Ножницы проф. филировочные односторонние + чехол ,68360,petline,"3 818,47 ",5730,груминг\ножницы,,,размер,"6""",,,,,,
190,Ножницы проф. филировочные односторонние + чехол ,68370,petline,"4 839,98 ",7260,груминг\ножницы,,,размер,"7""",,,,,,
191,"Ножницы 15,0 см (6""), д/стриж. морды с закругл.концами (полотно 4,5 см) ",67156,petline,"363,66",550,груминг\ножницы,,,,,,,,,,
192,"Ножницы 15,5 см (6""), д/стриж. морды с закругл.концами (полотно 4,5 см), (смещённые кольца)",67155,petline,"363,66",550,груминг\ножницы,,,,,,,,,,
193,Ножницы  д/стрижки,67150,petline,"329,90",495,груминг\ножницы,,,размер ножниц,15 см,длина полотна,4.5 см,,,,
193,Ножницы  д/стрижки,67175,petline,"387,04",585,груминг\ножницы,,,размер ножниц,"17,5 см",длина полотна,6.5см,,,,
193,Ножницы  д/стрижки,67196,petline,"454,58",685,груминг\ножницы,,,размер ножниц,"19,5 см",длина полотна,9 см,,,,
194,"Ножницы, д/стрижки,(смещённые кольца)",67160,petline,"329,90",500,груминг\ножницы,,,размер ножниц,16 см,длина полотна,4.5 см,,,,
194,"Ножницы, д/стрижки,(смещённые кольца)",67180,petline,"387,04",585,груминг\ножницы,,,размер ножниц,18 см,длина полотна,6.5см,,,,
194,"Ножницы, д/стрижки,(смещённые кольца)",67195,petline,"454,58",685,груминг\ножницы,,,размер ножниц,"19,5 см",длина полотна,9 см,,,,
195,"Ножницы 19,5 см (8""), д/стрижки, изогнутые, (полотно 8,5 см), (смещённые кольца) ",67295,petline,"433,80",655,груминг\ножницы,,,,,,,,,,
196,"Ножницы 16,5 см (7""), филировочные односторонние, (полотно 6 см)",67165,petline,"489,65",735,груминг\ножницы,,,,,,,,,,
197,"Ножницы 17,5 см (7""), филировочные односторонние, (полотно 6 см), (смещённые кольца)",67170,petline,"405,88",610,груминг\ножницы,,,,,,,,,,
198,"Ножницы 19 см (7,5""),  д/стрижки, изогнутые, (полотно 8,5 см)",67290,petline,"457,83",690,груминг\ножницы,,,,,,,,,,
199,Пуходерка металлическая с пластиковой черной ручкой,168112S,petline,"164,95",250,груминг\пуходерки,,,размер,S,,,,,,
199,Пуходерка металлическая с пластиковой черной ручкой,168112M,petline,"185,08",280,груминг\пуходерки,,,размер,M,,,,,,
199,Пуходерка металлическая с пластиковой черной ручкой,168112L,petline,"226,64",340,груминг\пуходерки,,,размер,L,,,,,,
200,Пуходерка,1681S,petline,"143,45",220,груминг\пуходерки,,,размер,S,,,,,,
200,Пуходерка,1681M,petline,"156,24",235,груминг\пуходерки,,,размер,M,,,,,,
200,Пуходерка,1681L,petline,"184,68",280,груминг\пуходерки,,,размер,L,,,,,,
201,Пуходерка c активным кордом,32363S,petline,"343,53",520,груминг\пуходерки,,,размер,S,,,,,,
201,Пуходерка c активным кордом,32362M,petline,"371,46",560,груминг\пуходерки,,,размер,M,,,,,,
201,Пуходерка c активным кордом,32361L,petline,"413,02",620,груминг\пуходерки,,,размер,L,,,,,,
202,Пуходерка самоочищ. автомат. с плавающей головой,32373S,petline,"359,16",540,груминг\пуходерки,,,размер,S,,,,,,
202,Пуходерка самоочищ. автомат. с плавающей головой,32372M,petline,"388,36",585,груминг\пуходерки,,,размер,M,,,,,,
202,Пуходерка самоочищ. автомат. с плавающей головой,32371L,petline,"431,81",650,груминг\пуходерки,,,размер,L,,,,,,
203,Пуходерка  овальн. одностор. профессиональн. (боковая),3335L,petline,"542,25",815,груминг\пуходерки,,,,,,,,,,
204,Пуходерка овальная c поворот. ручкой малая (пластик.зуб),IDC-2001,petline,"291,96",440,груминг\пуходерки,,,,,,,,,,
205,Пуходерка овальная с поворот.ручкой большая ,IDC-2002,petline,"303,08",455,груминг\пуходерки,,,,,,,,,,
206,Пуходерка с поворот.ручкой малая (розовая) ,IC-1002,petline,"246,76",375,груминг\пуходерки,,,,,,,,,,
207,Пуходерка с поворот. ручкой большая (розовая),IC-5009,petline,"277,14",420,груминг\пуходерки,,,,,,,,,,
208,Пуходерка - щетка двухсторонняя мягкий корд + щетина (нейлон) средняя ,16844M,petline,"348,73",525,груминг\пуходерки,,,,,,,,,,
209,Пуходерка двухсторонняя гибкая мягкий+жёсткий корд ,16843L,petline,"450,03",680,груминг\пуходерки,,,размер,L,,,,,,
209,Пуходерка двухсторонняя гибкая мягкий+жёсткий корд ,16843S,petline,"420,81",635,груминг\пуходерки,,,размер,S,,,,,,
210,Пуходерка двухсторонняя гибкая жёсткий корд,16842L,petline,"458,48",690,груминг\пуходерки,,,размер,L,,,,,,
210,Пуходерка двухсторонняя гибкая жёсткий корд,16842S,petline,"429,25",645,груминг\пуходерки,,,размер,S,,,,,,
211,Пуходерка металл. ,16811S,petline,"205,21",310,груминг\пуходерки,,,размер,S,,,,,,
211,Пуходерка металл. ,16811M,petline,"220,15",335,груминг\пуходерки,,,размер,M,,,,,,
211,Пуходерка металл. ,16811L,petline,"264,31",400,груминг\пуходерки,,,размер,L,,,,,,
211,Пуходерка металл. ,16811XL,petline,"310,41",470,груминг\пуходерки,,,размер,ХL,,,,,,
212,Пуходерка металл. c каплей ,168110S,petline,"225,99",340,груминг\пуходерки,,,размер,S,,,,,,
212,Пуходерка металл. c каплей ,168110M,petline,"243,53",370,груминг\пуходерки,,,размер,M,,,,,,
212,Пуходерка металл. c каплей ,168110L,petline,"291,58",440,груминг\пуходерки,,,размер,L,,,,,,
212,Пуходерка металл. c каплей ,168110XL,petline,"375,35",565,груминг\пуходерки,,,размер,ХL,,,,,,
213,Пуходерка металл. длиннозубый корд для пушистых животных,168222XL,petline,"433,80",655,груминг\пуходерки,,,,,,,,,,
214,Пуходерка металл. длиннозубый супержесткий корд для кавказских овчарок,168223XXL,petline,"616,93",930,груминг\пуходерки,,,,,,,,,,
215,Пуходерка металл. треугольная мягкий корд,168333,petline,"259,76",390,груминг\пуходерки,,,,,,,,,,
216,Пуходерка пластик мягкий корд,16821S,petline,"214,30",325,груминг\пуходерки,,,размер,S,,,,,,
216,Пуходерка пластик мягкий корд,16821M,petline,"269,50",405,груминг\пуходерки,,,размер,M,,,,,,
216,Пуходерка пластик мягкий корд,16821L,petline,"325,35",490,груминг\пуходерки,,,размер,L,,,,,,
217,Пуходерка пластик с каплей ,168210S,petline,"227,94",345,груминг\пуходерки,,,размер,S,,,,,,
217,Пуходерка пластик с каплей ,168210M,petline,"281,19",425,груминг\пуходерки,,,размер,M,,,,,,
217,Пуходерка пластик с каплей ,168210L,petline,"335,09",505,груминг\пуходерки,,,размер,L,,,,,,
218,Пуходерка пластик жест.корд ,16822S,petline,"217,55",330,груминг\пуходерки,,,размер,S,,,,,,
218,Пуходерка пластик жест.корд ,16822M,petline,"269,50",405,груминг\пуходерки,,,размер,M,,,,,,
218,Пуходерка пластик жест.корд ,16822L,petline,"324,70",490,груминг\пуходерки,,,размер,L,,,,,,
219,Пуходерка пластик разнозубая,16823S,petline,"214,40",325,груминг\пуходерки,,,размер,S,,,,,,
219,Пуходерка пластик разнозубая,16823M,petline,"268,85",405,груминг\пуходерки,,,размер,M,,,,,,
219,Пуходерка пластик разнозубая,16823L,petline,"326,00",490,груминг\пуходерки,,,размер,L,,,,,,